Topic,Top_Keywords
0,"vacat, outi, wind, log, whiteboard, beforeth, cult, em, cent, reject"
1,"arg, guard, mr, drop, cloth, enough, pleasur, assign, espaola, motherboard"
2,"bent, attach, valuabl, fpsue, vram, knockoff, small, garbag, inherit, terraform"
3,"boot, hobbi, cabl, trash, aw, wide, rmcclelland, atx, ga, vrtrek"
4,"gamei, thought, keyston, memori, stereoscop, text, confus, stunt, hint, complet"
5,"bomb, educ, fsxcfg, bat, connector, preserv, cardsdriverschaperonemot, mfsf, want, incept"
6,"thu, analogu, phd, felix, subtl, rifti, older, vsync, nd, void"
7,"fundament, overlook, headtrack, offlin, social, card, fuck, demosmallxml, anywher, lumin"
8,"joy, virtual, mix, centr, physx, somebodi, citadel, jasonatokc, newsom, treadmil"
9,"illus, polish, unfortun, navig, squeaki, close, stood, nexu, reduc, mysteri"
10,"arm, hm, univers, winner, hack, startupshutdown, superior, pravalitera, watch, gforc"
11,"deskop, identifi, threat, deck, decor, distanc, pose, channel, child, multipl"
12,"snowi, search, pane, ninja, fantasi, multiplay, self, none, gentl, wobbl"
13,"thatthi, criteria, coordin, dabbl, physx, hmdwarpparam, engag, encod, despit, euro"
14,"view, csharedresourcenamespaceclientinit, aug, mute, natur, debian, hide, eprogram, demosmallxml, virtual"
15,"sidebysid, sooner, npc, avenu, terrain, necro, environment, spread, knowledg, betteri"
16,"absurd, comprehens, flow, view, nail, ran, displayport, installmanperformpreinstal, cutoff, nether"
17,"start, propdoorrot, rollercoasterhydradeck, marketplac, certainli, bust, camera, overund, exclus, ship"
18,"mileston, high, servounit, brand, vrpathreglog, vmdl, scanner, dear, lolim, logsold"
19,"translat, submit, struggl, block, resubscrib, retrofit, wrotecould, stun, attitud, destin"
20,"propos, sidebar, arg, autom, dialogu, coz, easili, og, delux, menu"
21,"aris, quick, acr, wirefram, spaceship, tilt, hmdcan, startup, campaign, plu"
22,"faith, pci, hesit, trial, intelr, elimin, million, timewarp, gameplay, load"
23,"byvenividicampiok, decent, vsndfile, distancemax, idiot, etc, wing, natalievfx, secondsgener, demosmallxml"
24,"label, public, url, trio, okay, crossey, smash, marker, drash, tri"
25,"redownload, projectskycal, nake, individu, sw, collect, matter, nowth, bumper, rt"
26,"thatthi, rift, duplic, glide, isi, workand, overshoot, airlink, mint, despit"
27,"dolphin, opensourc, candi, flaw, occulu, spacecraft, sync, eas, daughter, sake"
28,"sex, brush, holographicsshel, roam, fortun, label, buggi, sale, andor, link"
29,"ecosystem, pick, interfer, neuron, yea, pipelin, slider, bot, alvr, beat"
30,"mistaken, superhot, analog, highest, ootb, reliv, east, particularli, tack, privaci"
31,"imu, outlin, addit, smash, fantasi, mac, deceler, effecti, spacecraft, altf"
32,"lend, imagin, bright, singl, zombi, wrotedo, cloud, blog, skull, tight"
33,"hybrid, thatd, taskbar, due, jetpack, solo, goe, vast, bit, osd"
34,"headmount, hihat, pdf, specifi, eagerli, su, remind, clearli, format, notabl"
35,"wt, develop, xplane, kickstart, arena, xsteamlog, runn, inward, crossfir, shot"
36,"solv, paddl, pack, tangl, namethank, news, isol, wanna, archiv, puzzl"
37,"timer, exist, fedora, financi, metro, greatleftdead, getpositronon, offend, seagat, concret"
38,"town, program, dirt, theater, viru, wroteshockbolt, loos, crew, vista, pleas"
39,"ldlibrarypath, light, dp, demo, framework, dashboard, hmdwarpparam, weight, ai, tail"
