Topic,Keywords,GPT_Label,Definition
0,"alright, sweat, hosted, spawned, according, carefully, viewing, well, memorable, global",User Experience,"User Experience in VR refers to how users interact with and perceive their time within virtual environments, focusing on comfort, satisfaction, and engagement.  

The keywords provided—""alright, sweat, hosted, spawned, according, carefully, viewing, well, memorable, global""—suggest discussions around the overall experience and comfort while using VR, which fits under the User Experience label. These words imply considerations of personal satisfaction (""alright,"" ""well,"" ""memorable""), physical comfort (""sweat""), and user perceptions (""carefully,"" ""viewing"")."
1,"unlocks, plot, swear, becomes, whether, important, using, sharp, closest, blue_stars","Based on the provided keywords, the most appropriate topic label from the predefined list is:

 Immersion","Immersion refers to the extent to which a player feels absorbed and engaged in the virtual reality environment, often through compelling narratives, realistic interactions, and sensory involvement."
2,"accurately, netcode, gather, crust, attachment, throughout, spirit, opera, wise, cast","Based on the provided keywords and the predefined list of topic labels, the most appropriate match is:

 Network","Discussion around the technical aspects and performance of online connectivity, including issues like latency and synchronization in VR games.  

The keyword ""netcode"" directly relates to networking, which is crucial in ensuring smooth and accurate multiplayer experiences in VR games."
3,"rewarded, airbender, feel, positions, excuse, shotgun, depending, boy, hovering, got",Immersion,"Immersion refers to the experience of feeling deeply engaged and present in a virtual reality environment, often achieved through realistic graphics, sound, and interaction mechanics.

The keywords ""rewarded,"" ""airbender,"" ""feel,"" ""positions,"" ""excuse,"" ""shotgun,"" ""depending,"" ""boy,"" ""hovering,"" and ""got"" suggest a focus on the experiential and sensory aspects of VR games, aligning most closely with the concept of immersion."
4,"kicks, literally, material, surprises, wee, votv_souls, calm, skin, quantity, atmosphere","Certainly! Based on the provided keywords and the predefined topic labels, here is the most appropriate match:

** Immersion**  
**","** Immersion refers to the sense of presence or being deeply engaged and absorbed in the virtual environment, often enhanced by sensory experiences and interactive elements.  

The keywords like ""atmosphere,"" ""material,"" ""calm,"" and ""skin"" suggest elements that contribute to the immersive experience in VR, making ""Immersion"" the most fitting topic label."
5,"creating, cardio, favorites, hammer, expected, seconds, charming, 4th, tarkov, commitment","Certainly! Based on the provided keywords, here's the most appropriate match:

** User Experience**  
**","Discussions focusing on how players interact with VR games, including the enjoyment, physical activity, and emotional engagement during gameplay.**

This choice is based on keywords like ""creating,"" ""cardio,"" ""favorites,"" ""hammer,"" ""expected,"" ""seconds,"" ""charming,"" ""commitment,"" and ""tarkov,"" which suggest aspects of gameplay experience, physical involvement, and player engagement."
6,"drawing, set, numbers, stick, darkred, seem, tdm, quit, bindings, crashed",Troubleshooting,"Troubleshooting refers to the process of diagnosing and resolving problems or issues encountered while using VR systems or applications. 

The keywords ""quit,"" ""bindings,"" ""crashed,"" and ""tdm"" suggest issues or problems that users might be experiencing with VR games or systems, which aligns well with the theme of troubleshooting."
7,"successfully, high, becoming, www, boom, results, suffer, analog, time, earth","Based on the keywords provided, here is the most appropriate topic label:

 User Experience","User Experience in VR encompasses how players perceive and interact with VR content, including gameplay satisfaction, ease of use, and overall enjoyment, which can be influenced by factors such as performance, accessibility, and immersive quality.

Explanation: The keywords ""successfully,"" ""high,"" ""becoming,"" ""results,"" and ""suffer"" relate to the overall effectiveness and quality of the user experience in VR. While ""analog,"" ""time,"" ""earth,"" and ""please"" could refer to user interactions and preferences within VR environments. The keyword ""boom"" could suggest a growing interest or trend in user adoption, which is part of the user experience discourse. Keywords like ""www"" are less directly related but could suggest online discussions or information sources that contribute to user experiences. Overall, the primary theme revolves around user satisfaction and engagement with VR, aligning best with the User Experience topic label."
8,"automatically, perfection, choice, suited, esque, reload, keys, swing, tape, fun","Based on the provided keywords, the most appropriate topic label would be:

 User Experience","This topic encompasses discussions about the overall interaction and satisfaction players derive from using VR games, focusing on aspects like ease of use, enjoyment, and player engagement."
9,"swing, pose, john, revolver, practiced, valravn, icon, longest, sneaky, explosions","Based on the provided keywords—swing, pose, john, revolver, practiced, valravn, icon, longest, sneaky, explosions—the most appropriate topic label from the predefined list is:

 Specific Game","Discussions focused on particular VR games, including gameplay mechanics, characters, strategies, and player experiences. 

These keywords suggest elements often found in discussions about specific games, such as character names, gameplay actions, and thematic elements like ""explosions."""
10,"flowing, 2016, mp, mastering, combinations, quill, superior, film, reccomend, goated",Specific Game,"Discussions focused on individual VR games, including gameplay elements, release years, multiplayer features, and recommendations.  

The keywords ""flowing,"" ""2016,"" ""mp"" (multiplayer), ""mastering,"" ""combinations,"" ""quill,"" ""superior,"" ""film,"" ""reccomend,"" and ""goated"" suggest a focus on specific VR games and their features, such as gameplay mechanics, multiplayer aspects, game quality, and user recommendations."
11,"smoother, 22, levers, allies, shallow, ocubez, shift, cutting, fantasy, 32gb","Based on the provided keywords, the most appropriate topic label is:

 Hardware","Discussions related to the physical components and technical specifications of VR systems, including performance, capacity, and compatibility. 

Explanation: The keywords ""smoother,"" ""22,"" ""32gb,"" and ""ocubez"" suggest discussions about hardware performance, capacity, and potentially specific hardware components or models. These terms are commonly associated with technical specifications and hardware-related aspects of VR gaming."
12,"modestly, little, begin, slides, steps, smg, vr, quickly, july, golden",User Experience,"This topic focuses on how users perceive and interact with VR games, including the pace of learning and engagement, which aligns with keywords such as ""modestly,"" ""little,"" ""begin,"" ""slides,"" ""steps,"" and ""quickly"" as they relate to the gradual acclimatization and enjoyment of VR environments."
13,"slows, innovative, reccomend, worse, despite, trees, killing, standalone, wizard, forest",Unknown,Unknown
14,"skilled, timed, has, added, master, wholesome, experiencing, infinity, stam, sight","Based on the keywords provided, the most appropriate topic label is:

 User Experience","A focus on the overall experience and satisfaction of players while interacting with VR games, including aspects like skill mastery, game mechanics, and the emotional impact of gameplay."
15,"smoothly, shots, money, wide, version, plays, blocked, impression, near, cross","Based on the keywords provided: smoothly, shots, money, wide, version, plays, blocked, impression, near, cross, the most appropriate topic label is:

 User Experience","User Experience in VR games focuses on how players interact with and perceive the game, including aspects like performance, gameplay mechanics, and overall enjoyment."
16,"killer, depends, nitpicks, ss3dt, trap, goes, upgrade, thrown, cycle, response","Based on the provided keywords, here is the matched topic label:

 User Experience","Discussions related to how players perceive and interact with VR games, including opinions, feedback, and personal experiences. 

The keywords ""killer,"" ""depends,"" ""nitpicks,"" ""trap,"" ""goes,"" ""upgrade,"" ""thrown,"" ""cycle,"" and ""response"" suggest a focus on user opinions and experiences, potentially regarding game features, updates, and overall satisfaction, which fit the User Experience topic best."
17,"drum, rogue, download, assistant, dip, finally, throughout, introducing, eager, puts","Based on the provided keywords, the most appropriate topic label is:

 Specific Game","Discussions focused on particular VR games, including gameplay mechanics, features, and user experiences specific to those games.

Explanation: The keywords ""drum"" and ""rogue"" suggest specific game themes or mechanics, such as rhythm games or roguelike elements, which are commonly discussed in the context of particular VR games. ""Download"" can relate to acquiring these games, and ""assistant"" may refer to game features or characters. Overall, the keywords align most closely with discussions about specific VR games."
18,"ridiculously, limited, comfortable, self, convinced, facebook, feelings, waves, fleshed, background","Based on the provided keywords, the most appropriate topic label and definition are as follows:

 User Experience","This topic focuses on the overall experience and satisfaction of players when engaging with VR games, including comfort, emotional responses, and personal interactions with the VR environment."
19,"dad, insulting, disconnected, soundtrack, pandora, me, superb, dismal, farther, perfect",User Experience,"User Experience in VR refers to the overall experience and satisfaction a player derives from interacting with a virtual reality game or application, including aspects such as enjoyment, engagement, and emotional impact. 

The keywords provided, such as ""insulting,"" ""disconnected,"" ""superb,"" ""dismal,"" ""perfect,"" and ""please,"" suggest discussions around varying levels of satisfaction and emotional responses to VR games, which are central to user experience."
