Topic,Keywords
0,"game, tactil, wrotesnappahead, startup, ration, role, lit, dump, rma, focal"
1,"whine, examin, faq, span, belong, legitim, alright, free, tuscani, brighter"
2,"want, problem, good, touch, thermal, mayb, toe, mitig, shall, wed"
3,"ballpark, vive, ancient, exclud, constrain, revert, mission, state, rumor, compil"
4,"uncheck, citizen, vertex, hall, emit, state, curiou, scratch, timelin, gs"
5,"vr, peopl, wrotealso, app, meter, discov, leagu, rog, roam, return"
6,"os, ovrplayercontrol, give, usabl, twhite, error, singl, conscious, qualifi, beta"
7,"nepton, itim, michael, three, quiet, boost, displayport, indi, firstperson, crossplatform"
8,"borrow, vpsvr, mkv, unleash, given, tackl, kdkcvvive, firmli, pdb, hop"
9,"alias, who, quest, fpvfli, peripher, built, breath, believ, current, togeth"
10,"shortcut, parallax, nepton, grass, wast, bleep, doi, meh, vari, geekmast"
11,"ti, await, uv, exploit, struct, con, tuscani, killer, first, malfunct"
12,"vr, extend, deepli, enabl, logic, talent, uninstal, tr, prize, gem"
13,"guysi, paragraph, televis, wip, tower, corpor, androidmanifestxml, burn, welbi, singular"
14,"underestim, tie, forgiv, accord, spam, downsampl, hyperx, avoid, mmo, much"
15,"huge, compet, wrotedo, destroy, pdtstatuspendingyour, magnetomet, come, filter, convers, nail"
16,"dont, artifici, jack, xeon, enterpris, prove, privat, hiim, minecrift, steal"
17,"creat, asrock, homegrown, program, proven, radar, dealt, museum, guarante, regularli"
18,"scheme, toss, end, stall, gst, exceed, capabl, di, blurri, kerneldl"
19,"valv, complaint, contract, pcvr, coaster, viewpoint, opposit, palm, allot, ix"
20,"kevinw, vec, soni, car, famou, shadow, visor, vital, diagon, suggest"
21,"app, shutter, differenti, rtx, applab, xma, qr, troubleshoot, analyz, key"
22,"need, shut, great, warranti, mask, interfac, wroteno, react, glass, dev"
23,"timewarp, sit, peek, bet, name, squeez, ton, hord, hydra, nearbi"
24,"irl, rendertextur, anybodi, everyday, ration, sword, good, accid, void, viveport"
25,"delux, baba, tend, davi, bang, desir, wish, lnk, high, infin"
26,"charact, instantli, dlp, clone, hand, frequenc, gig, faction, zelda, overview"
27,"uv, thruster, templat, logist, summari, prone, xx, master, timewarp, anim"
28,"play, truck, grass, radiu, etern, fan, partial, manag, fixerhardwar, redeem"
29,"awkward, itthi, client, flash, clock, song, memori, cue, metadata, wroteord"
30,"keyboard, gamecub, proport, buri, father, employ, requir, retain, knew, mild"
31,"iti, ginger, heat, backup, elev, carpet, cyber, reckon, crucial, linesth"
32,"go, show, forward, steve, surviv, techniqu, opt, analogu, output, somewhat"
33,"caus, linux, ice, model, succeed, adb, stood, jam, illeg, immens"
34,"darker, outi, metric, bookmark, aka, sensit, bad, intelligentvisu, morbiddonkey, forti"
35,"probabl, gold, previous, label, click, amus, suggest, proprietari, littl, supersampl"
36,"morrowind, dx, disagre, videogam, ffb, enorm, gray, amaz, arbitrari, benefit"
37,"use, screen, deriv, dread, simul, citi, vec, coder, old, natur"
38,"panel, equal, magazin, bag, su, occlud, jame, till, guygodin, mq"
39,"criteria, crime, byte, redirect, fact, contribut, rez, kingdom, receiv, sens"
40,"seem, extend, ordinari, attempt, sweep, explicitli, condit, growth, bang, dropbox"
41,"first, lesser, option, card, friday, map, tini, error, chanc, developerimagin"
42,"shown, candi, instruct, experienceth, curat, xxx, adapt, thisth, signatur, nvidiati"
43,"deliv, piss, summer, gorgeou, highli, typic, roll, boy, poorli, canyon"
44,"miss, screeni, parent, firecuda, flight, deeper, insid, stun, exagger, itll"
45,"perform, debugg, refresh, ver, kinect, potenti, junk, string, mainstream, addict"
46,"desktop, viveport, bummer, ident, antiviru, instanti, wrotemayb, there, atleast, bia"
47,"primit, closet, wo, killer, art, cloth, access, kingdom, superhot, lib"
48,"would, tire, toward, descent, greenlight, kickstart, dust, manipul, step, across"
49,"method, revisit, xbone, shaphir, decis, inch, reject, togeth, monobehaviour, old"
