month,App Development,Audio and Visual,Beta Testing,Bug Reporting,Compatibility Issues,Control Issues,Controller,Cross-platform,Customization,Cybersickness,Educational Use,Environment & Interface.,Game Elements,Graphics Optimization,Hardware Optimization,Horror Game,IOS Development,Implementation Challenges,Input Methods,Installation and Setup,Interaction Mechanics,Layout Challenges,Multiplayer,Object Tracking,Parallel Rendering,Physics & Hardware,Player Interaction,Rendering Issues,Safety,Server Management,Streaming and Mapping,Support Challenges,Technical Challenges,Testing Requirements,Tools Limitation,Troubleshooting,UE Issues
2015-06,0.021548117154811714,0.013807531380753139,0.01882845188284519,0.040376569037656906,0.022384937238493725,0.01506276150627615,0.017364016736401675,0.05439330543933055,0.05083682008368201,0.024686192468619247,0.032426778242677826,0.02510460251046025,0.02405857740585774,0.02803347280334728,0.024267782426778243,0.02384937238493724,0.019456066945606695,0.06548117154811715,0.03200836820083682,0.022594142259414227,0.018619246861924687,0.03577405857740586,0.013389121338912133,0.021338912133891212,0.0200836820083682,0.025313807531380753,0.010251046025104602,0.024686192468619247,0.02594142259414226,0.021548117154811714,0.037238493723849374,0.022175732217573223,0.021338912133891212,0.03200836820083682,0.03368200836820084,0.03347280334728033,0.026569037656903764
2015-07,0.03243470935130581,0.02864363942712721,0.014321819713563605,0.04380791912384162,0.018534119629317607,0.02443133951137321,0.02106149957877001,0.04254422914911542,0.05981465880370682,0.02611625947767481,0.03327716933445661,0.019797809604043808,0.02232518955349621,0.02274641954507161,0.020640269587194608,0.02948609941027801,0.02401010951979781,0.03411962931760741,0.031171019376579612,0.02274641954507161,0.02316764953664701,0.03243470935130581,0.012636899747262006,0.019376579612468407,0.02653748946925021,0.019797809604043808,0.018955349620893007,0.02443133951137321,0.02611625947767481,0.03243470935130581,0.03327716933445661,0.02274641954507161,0.010530749789385004,0.02358887952822241,0.03580454928390901,0.03706823925863521,0.02906486941870261
2015-08,0.039423805913570885,0.016679302501895376,0.021986353297952996,0.0420773313115997,0.02084912812736922,0.017058377558756634,0.019332827899924184,0.0511751326762699,0.056103108415466264,0.016300227445034118,0.04245640636846096,0.027293404094010616,0.02350265352539803,0.032600454890068235,0.014404852160727824,0.019711902956785442,0.015163002274450341,0.05913570887035633,0.028051554207733132,0.02312357846853677,0.019332827899924184,0.030326004548900682,0.016300227445034118,0.015163002274450341,0.014783927217589083,0.02122820318423048,0.013267626990144048,0.026914329037149357,0.032600454890068235,0.023881728582259287,0.0356330553449583,0.01781652767247915,0.014404852160727824,0.021607278241091737,0.0420773313115997,0.03866565579984837,0.029567854435178165
2015-09,0.03260869565217391,0.021739130434782608,0.015367316341829085,0.03673163418290855,0.024737631184407798,0.022113943028485756,0.022863568215892055,0.041604197901049474,0.06559220389805097,0.026611694152923537,0.0341079460269865,0.020614692653673165,0.022113943028485756,0.025112443778110945,0.024737631184407798,0.026986506746626688,0.021739130434782608,0.04460269865067466,0.03223388305847077,0.025112443778110945,0.018740629685157422,0.03298350824587706,0.014992503748125937,0.016116941529235384,0.018740629685157422,0.018365817091454274,0.014992503748125937,0.020239880059970013,0.03335832083958021,0.030359820089955022,0.03335832083958021,0.020614692653673165,0.019865067466266866,0.02361319340329835,0.034482758620689655,0.03110944527736132,0.03073463268365817
2015-10,0.0267639902676399,0.019870235198702353,0.01662611516626115,0.0373073803730738,0.025547445255474453,0.021492295214922953,0.02473641524736415,0.0413625304136253,0.05596107055961071,0.03203568532035685,0.032846715328467155,0.021897810218978103,0.030819140308191405,0.034874290348742905,0.019870235198702353,0.02879156528791565,0.0202757502027575,0.046228710462287104,0.032846715328467155,0.021492295214922953,0.021086780210867802,0.028386050283860504,0.01662611516626115,0.015004055150040552,0.019059205190592052,0.021086780210867802,0.012976480129764802,0.021086780210867802,0.030413625304136254,0.031224655312246552,0.031630170316301706,0.021086780210867802,0.015409570154095702,0.022303325223033254,0.03852392538523925,0.036901865369018655,0.025547445255474453
2015-11,0.03335097935415564,0.02223398623610376,0.019587083112758072,0.039174166225516144,0.018528321863419798,0.019587083112758072,0.022763366860772894,0.03864478560084701,0.05399682371625199,0.02382212811011117,0.03070407623080995,0.022763366860772894,0.02593965060878772,0.02382212811011117,0.02223398623610376,0.022763366860772894,0.021175224986765485,0.03440974060349391,0.03970354685018528,0.03229221810481736,0.01641079936474325,0.03070407623080995,0.008999470619375331,0.02011646373742721,0.024351508734780307,0.028057173107464268,0.018528321863419798,0.028586553732133403,0.03176283748014823,0.030174695606140816,0.03176283748014823,0.024880889359449446,0.017469560614081524,0.02223398623610376,0.037056643726839596,0.036527263102170464,0.024880889359449446
2015-12,0.03399581589958159,0.02510460251046025,0.018305439330543932,0.05753138075313807,0.0198744769874477,0.017259414225941423,0.019351464435146442,0.04707112970711297,0.06276150627615062,0.017259414225941423,0.04602510460251046,0.01778242677824268,0.02301255230125523,0.030334728033472803,0.013598326359832637,0.017259414225941423,0.020397489539748955,0.049686192468619245,0.032426778242677826,0.021443514644351465,0.01882845188284519,0.03556485355648536,0.010983263598326359,0.019351464435146442,0.015690376569037656,0.02092050209205021,0.015690376569037656,0.027196652719665274,0.028765690376569036,0.03190376569037657,0.028242677824267783,0.020397489539748955,0.025627615062761507,0.01882845188284519,0.03608786610878661,0.027196652719665274,0.028242677824267783
2016-01,0.027044091339576977,0.008102704409133958,0.019257076712617067,0.04230243081132274,0.02030937598653057,0.019993686204356518,0.014521729980006315,0.038514153425234135,0.0491423760917605,0.025886562138272125,0.036935704514363885,0.023781963590445123,0.016415868673050615,0.018415237293486268,0.015363569399137115,0.026833631484794274,0.029464379669578027,0.08018520467220877,0.02967483952436073,0.024518573082184573,0.01988845627696517,0.04524886877828054,0.00947069346522151,0.03272650741870988,0.017152478164790066,0.027254551194359676,0.01010207302956961,0.03083236872566558,0.03251604756392718,0.024308113227401874,0.035357255603493634,0.015574029253919815,0.025781332210880775,0.026202251920446173,0.026097021993054824,0.027885930758707777,0.026938861412185624
2016-02,0.03179604697794328,0.0097393297049556,0.017473503294185046,0.05156115726152965,0.01833285591521054,0.019765110283586365,0.018046405041535377,0.04124892580922372,0.054425665998281296,0.023775422515038672,0.03924376969349756,0.016614150673159554,0.02205671727298768,0.025207676883414496,0.01632769979948439,0.021770266399312517,0.019765110283586365,0.06359209395588657,0.028931538241191636,0.024348324262389,0.024348324262389,0.03265539959896878,0.008020624462904613,0.02234316814666285,0.02234316814666285,0.031223145230592952,0.012603838441707248,0.02807218562016614,0.03208249785161845,0.021483815525637353,0.03322830134631911,0.023775422515038672,0.027785734746490976,0.031223145230592952,0.03351475221999427,0.02492122600973933,0.026353480378115152
2016-03,0.027995520716685332,0.017357222844344905,0.017357222844344905,0.04647256438969765,0.025195968645016796,0.019036954087346025,0.026875699888017916,0.0509518477043673,0.06550951847704367,0.024076147816349383,0.0425531914893617,0.022396416573348264,0.032474804031354984,0.027995520716685332,0.021836506159014557,0.021836506159014557,0.023516237402015677,0.023516237402015677,0.03135498320268757,0.022396416573348264,0.025755879059350503,0.02855543113101904,0.008958566629339306,0.011198208286674132,0.020156774916013438,0.022396416573348264,0.01959686450167973,0.021836506159014557,0.037513997760358346,0.03135498320268757,0.02967525195968645,0.023516237402015677,0.026875699888017916,0.01959686450167973,0.01791713325867861,0.03135498320268757,0.03303471444568869
2016-04,0.029319781078967943,0.019546520719311962,0.023064894448788117,0.04222048475371384,0.018373729476153244,0.023846755277560593,0.03205629397967162,0.03596559812353401,0.063721657544957,0.037138389366692726,0.049648162627052385,0.014855355746677092,0.03635652853792025,0.023455824863174355,0.02111024237685692,0.016810007818608287,0.029710711493354185,0.02619233776387803,0.023846755277560593,0.02501954652071931,0.019546520719311962,0.040656763096168884,0.01602814698983581,0.014464425332290852,0.018373729476153244,0.028146989835809225,0.016810007818608287,0.01641907740422205,0.03674745895230649,0.02501954652071931,0.023064894448788117,0.027756059421422986,0.024237685691946835,0.022283033620015637,0.024628616106333073,0.02150117279124316,0.03205629397967162
2016-05,0.03019538188277087,0.03019538188277087,0.019982238010657193,0.04396092362344583,0.02664298401420959,0.02708703374777975,0.03019538188277087,0.03374777975133215,0.05550621669626998,0.024422735346358793,0.049289520426287745,0.019982238010657193,0.03241563055062167,0.02264653641207815,0.019538188277087035,0.014209591474245116,0.02664298401420959,0.011989342806394316,0.021314387211367674,0.020870337477797513,0.021314387211367674,0.037300177619893425,0.017317939609236235,0.02264653641207815,0.02575488454706927,0.02930728241563055,0.026198934280639432,0.020426287744227355,0.037300177619893425,0.027531083481349913,0.024422735346358793,0.023978685612788632,0.03374777975133215,0.019982238010657193,0.022202486678507993,0.019094138543516874,0.03063943161634103
2016-06,0.03058252427184466,0.021359223300970873,0.017475728155339806,0.0383495145631068,0.020388349514563107,0.019902912621359223,0.03495145631067961,0.03640776699029126,0.050970873786407765,0.022815533980582524,0.039805825242718446,0.01116504854368932,0.0441747572815534,0.022815533980582524,0.014563106796116505,0.015048543689320388,0.02087378640776699,0.01699029126213592,0.021359223300970873,0.02524271844660194,0.028640776699029126,0.03640776699029126,0.013592233009708738,0.031067961165048542,0.02475728155339806,0.036893203883495145,0.019417475728155338,0.021359223300970873,0.0441747572815534,0.02912621359223301,0.02087378640776699,0.027184466019417475,0.035922330097087375,0.02330097087378641,0.020388349514563107,0.025728155339805825,0.035922330097087375
2016-07,0.0288421920065925,0.0288421920065925,0.016069221260815822,0.05109188298310672,0.019777503090234856,0.023073753605274,0.04491141326740832,0.0403790688092295,0.06056860321384425,0.032138442521631644,0.0407911001236094,0.010712814173877214,0.03914297486608982,0.018129377832715288,0.018129377832715288,0.01277297074577668,0.026782035434693038,0.02554594149155336,0.0288421920065925,0.020601565718994644,0.018541409147095178,0.03172641120725175,0.013597033374536464,0.017717346518335394,0.023897816234033788,0.029666254635352288,0.02266172229089411,0.021425628347754428,0.03378656777915121,0.029254223320972394,0.020601565718994644,0.02266172229089411,0.027606098063452822,0.023073753605274,0.023485784919653894,0.02266172229089411,0.030490317264112072
2016-08,0.02394106813996317,0.02532228360957643,0.017955801104972375,0.035451197053407,0.02117863720073665,0.02532228360957643,0.04281767955801105,0.052486187845303865,0.05847145488029466,0.02532228360957643,0.03867403314917127,0.016574585635359115,0.034990791896869246,0.02992633517495396,0.017495395948434623,0.0216390423572744,0.020718232044198894,0.01841620626151013,0.0285451197053407,0.02532228360957643,0.02117863720073665,0.03867403314917127,0.01427255985267035,0.01841620626151013,0.026703499079189688,0.02302025782688766,0.015193370165745856,0.013812154696132596,0.03729281767955801,0.03591160220994475,0.01841620626151013,0.02716390423572744,0.026243093922651933,0.019337016574585635,0.028084714548802948,0.02440147329650092,0.03130755064456722
2016-09,0.03470031545741325,0.02334384858044164,0.023974763406940065,0.06056782334384858,0.01892744479495268,0.02018927444794953,0.03406940063091483,0.044794952681388014,0.07318611987381704,0.01892744479495268,0.04416403785488959,0.01892744479495268,0.030914826498422712,0.022082018927444796,0.015141955835962145,0.017665615141955835,0.017665615141955835,0.02018927444794953,0.019558359621451103,0.017665615141955835,0.025236593059936908,0.03470031545741325,0.01892744479495268,0.02145110410094637,0.025867507886435333,0.033438485804416405,0.025236593059936908,0.016403785488958992,0.03406940063091483,0.02018927444794953,0.023974763406940065,0.025867507886435333,0.022712933753943218,0.02334384858044164,0.025236593059936908,0.025236593059936908,0.02145110410094637
2016-10,0.025190392501464556,0.032806092560046865,0.020503807850029292,0.04862331575864089,0.020503807850029292,0.022261277094317515,0.029291154071470416,0.04686584651435267,0.07088459285295841,0.025190392501464556,0.02870533099004101,0.01991798476859988,0.022847100175746926,0.023432923257176334,0.01757469244288225,0.019332161687170474,0.015817223198594025,0.029876977152899824,0.026947861745752782,0.023432923257176334,0.02753368482718219,0.033391915641476276,0.011716461628588167,0.022261277094317515,0.021675454012888107,0.033391915641476276,0.029291154071470416,0.020503807850029292,0.03222026947861746,0.026947861745752782,0.020503807850029292,0.019332161687170474,0.026362038664323375,0.019332161687170474,0.029876977152899824,0.022261277094317515,0.033391915641476276
2016-11,0.03170338527673294,0.022568511552928532,0.021493820526598602,0.04406233207952714,0.025792584631918324,0.015583019881783988,0.027404621171413217,0.03815153143471252,0.06018269747447609,0.02525523911875336,0.04191295002686728,0.021493820526598602,0.03815153143471252,0.01934443847393874,0.014508328855454057,0.02095647501343364,0.021493820526598602,0.02418054809242343,0.027404621171413217,0.02095647501343364,0.021493820526598602,0.03600214938205266,0.021493820526598602,0.027404621171413217,0.023643202579258463,0.02095647501343364,0.02525523911875336,0.019881783987103708,0.03439011284255777,0.031166039763567976,0.02203116603976357,0.027404621171413217,0.02955400322407308,0.0231058570660935,0.022568511552928532,0.026867275658248254,0.02418054809242343
2016-12,0.026724137931034484,0.02471264367816092,0.017241379310344827,0.042816091954022986,0.016666666666666666,0.027298850574712645,0.04051724137931034,0.03505747126436782,0.0692528735632184,0.029022988505747128,0.03879310344827586,0.016666666666666666,0.03735632183908046,0.03218390804597701,0.017816091954022988,0.014080459770114942,0.021839080459770115,0.027873563218390806,0.01896551724137931,0.021551724137931036,0.019252873563218392,0.031609195402298854,0.021264367816091954,0.01810344827586207,0.020977011494252875,0.03132183908045977,0.01839080459770115,0.016379310344827588,0.039655172413793106,0.03333333333333333,0.021839080459770115,0.019827586206896553,0.03045977011494253,0.01752873563218391,0.028448275862068967,0.027586206896551724,0.027586206896551724
2017-01,0.01885424220449601,0.022117476432197244,0.021754894851341553,0.049673676577229875,0.021754894851341553,0.02284263959390863,0.046410442349528645,0.03480783176214648,0.06236403190717912,0.0337200870195794,0.03625815808556925,0.012327773749093546,0.03154459753444525,0.023930384336475707,0.01740391588107324,0.01849166062364032,0.022480058013052938,0.028281363306744016,0.01994198694706309,0.02284263959390863,0.019579405366207395,0.029369108049311095,0.01994198694706309,0.014865844815083394,0.03589557650471356,0.02574329224075417,0.023205221174764323,0.023205221174764323,0.03589557650471356,0.029006526468455404,0.01885424220449601,0.023930384336475707,0.029369108049311095,0.019579405366207395,0.026468455402465556,0.022117476432197244,0.03517041334300217
2017-02,0.023106546854942234,0.02396234488660676,0.01797175866495507,0.049636285836542574,0.02053915275994865,0.024818142918271287,0.03893881044073599,0.037227214377406934,0.06118955926401369,0.024390243902439025,0.0329482242190843,0.012409071459135643,0.0329482242190843,0.025673940949935817,0.017543859649122806,0.017115960633290545,0.025246041934103552,0.02053915275994865,0.02267864783910997,0.02139495079161318,0.026957637997432605,0.03594351732991014,0.019683354728284124,0.019255455712451863,0.024390243902439025,0.02781343602909713,0.017115960633290545,0.023106546854942234,0.04065040650406504,0.02866923406076166,0.02011125374411639,0.02267864783910997,0.04150620453572957,0.018399657680787333,0.026529738981600343,0.025673940949935817,0.03123662815575524
2017-03,0.024084778420038536,0.026332691072575465,0.014129736673089274,0.040141297366730895,0.01894669235709698,0.027617212588310854,0.03692999357739242,0.03789338471419396,0.052986512524084775,0.028580603725112397,0.03500321130378934,0.01348747591522158,0.03436095054592164,0.02151573538856776,0.018304431599229287,0.019588953114964676,0.023763648041104687,0.024405908798972382,0.024084778420038536,0.01798330122029544,0.024405908798972382,0.03757225433526012,0.020552344251766216,0.018304431599229287,0.033397559409120106,0.024405908798972382,0.023763648041104687,0.0224791265253693,0.04046242774566474,0.031791907514450865,0.024405908798972382,0.01798330122029544,0.038856775850995506,0.015414258188824663,0.028901734104046242,0.025048169556840076,0.03211303789338472
2017-04,0.026532479414455627,0.029734675205855442,0.017840805123513267,0.0384263494967978,0.026532479414455627,0.0242451967063129,0.0292772186642269,0.03202195791399817,0.06038426349496798,0.029734675205855442,0.03293687099725526,0.01555352241537054,0.036139066788655076,0.027447392497712716,0.016925892040256175,0.01555352241537054,0.0242451967063129,0.0242451967063129,0.028362305580969808,0.015096065873741994,0.026989935956084173,0.03705397987191217,0.020128087831655993,0.0343092406221409,0.021043000914913082,0.022872827081427266,0.018755718206770355,0.01738334858188472,0.04162854528819762,0.03293687099725526,0.01555352241537054,0.023787740164684355,0.03156450137236962,0.020128087831655993,0.027447392497712716,0.02516010978956999,0.03202195791399817
2017-05,0.026470588235294117,0.021568627450980392,0.022549019607843137,0.027941176470588237,0.023529411764705882,0.023529411764705882,0.037745098039215684,0.037745098039215684,0.06666666666666667,0.027450980392156862,0.022058823529411766,0.018137254901960786,0.027450980392156862,0.029411764705882353,0.014215686274509804,0.025,0.027450980392156862,0.020588235294117647,0.020098039215686276,0.018627450980392157,0.023529411764705882,0.030392156862745098,0.020588235294117647,0.026470588235294117,0.024019607843137256,0.033823529411764704,0.03137254901960784,0.020588235294117647,0.04215686274509804,0.030392156862745098,0.020588235294117647,0.028431372549019607,0.024509803921568627,0.021568627450980392,0.027450980392156862,0.02696078431372549,0.02892156862745098
2017-06,0.02854122621564482,0.02854122621564482,0.019556025369978858,0.0412262156448203,0.024841437632135307,0.019027484143763214,0.03171247357293869,0.03224101479915433,0.06976744186046512,0.03224101479915433,0.040697674418604654,0.026427061310782242,0.030126849894291756,0.025898520084566595,0.01744186046511628,0.026427061310782242,0.034355179704016914,0.023255813953488372,0.033298097251585626,0.016913319238900635,0.022198731501057084,0.030126849894291756,0.01427061310782241,0.02536997885835095,0.016913319238900635,0.024841437632135307,0.03276955602536998,0.019027484143763214,0.022198731501057084,0.03805496828752643,0.015856236786469344,0.021670190274841437,0.022198731501057084,0.015856236786469344,0.033298097251585626,0.02061310782241015,0.022198731501057084
2017-07,0.022153128643606686,0.029537504858142247,0.01748931208705791,0.04275165176836378,0.02876020209871745,0.021764477263894286,0.0388651379712398,0.041585697629226585,0.07500971628449281,0.01748931208705791,0.04469490866692577,0.018266614846482704,0.02681694520015546,0.02098717450446949,0.016323357947920714,0.020209871745044693,0.021764477263894286,0.029926156237854645,0.021764477263894286,0.026039642440730666,0.024096385542168676,0.026039642440730666,0.015934706568208317,0.018655266226195105,0.02565099106101827,0.029537504858142247,0.02293043140303148,0.026428293820443063,0.030314807617567042,0.026039642440730666,0.013214146910221531,0.01748931208705791,0.04391760590750097,0.01671200932763311,0.034201321414691024,0.022153128643606686,0.024485036921881073
2017-08,0.01660795168595873,0.02365374937091092,0.029693004529441368,0.035228988424760944,0.029693004529441368,0.02415702063412179,0.027176648213387014,0.043281328636134875,0.07045797684952189,0.01660795168595873,0.04579768495218923,0.012581781580271767,0.03271263210870659,0.028183190739808756,0.011575239053850024,0.019627579265223957,0.027176648213387014,0.01560140915953699,0.024660291897332664,0.025666834423754403,0.017614494212380472,0.026170105686965275,0.014091595369904378,0.03120281831907398,0.018117765475591345,0.03271263210870659,0.021137393054856568,0.02365374937091092,0.03824861600402617,0.03220936084549572,0.02315047810770005,0.021640664318067437,0.03170608958228485,0.019627579265223957,0.0291897332662305,0.03120281831907398,0.028183190739808756
2017-09,0.028337531486146095,0.02644836272040302,0.023299748110831235,0.041561712846347604,0.02707808564231738,0.021410579345088162,0.028967254408060455,0.04030226700251889,0.06926952141057935,0.01952141057934509,0.03904282115869018,0.01952141057934509,0.03526448362720403,0.02455919395465995,0.008816120906801008,0.015743073047858942,0.02644836272040302,0.018261964735516372,0.023299748110831235,0.020151133501259445,0.023299748110831235,0.02204030226700252,0.020151133501259445,0.02644836272040302,0.020780856423173802,0.031486146095717885,0.02644836272040302,0.017632241813602016,0.031486146095717885,0.0371536523929471,0.028337531486146095,0.015113350125944584,0.021410579345088162,0.020780856423173802,0.02959697732997481,0.0327455919395466,0.037783375314861464
2017-10,0.0323960880195599,0.023838630806845965,0.022004889975550123,0.03973105134474328,0.037897310513447434,0.02750611246943765,0.03117359413202934,0.04828850855745721,0.0776283618581907,0.02567237163814181,0.035452322738386305,0.012224938875305624,0.035452322738386305,0.020171149144254278,0.01650366748166259,0.02078239608801956,0.022616136919315404,0.018948655256723717,0.023227383863080684,0.028117359413202935,0.02444987775061125,0.01650366748166259,0.01589242053789731,0.019559902200488997,0.023227383863080684,0.03484107579462103,0.021393643031784843,0.014669926650366748,0.037897310513447434,0.021393643031784843,0.01589242053789731,0.029339853300733496,0.021393643031784843,0.020171149144254278,0.02750611246943765,0.029951100244498777,0.02628361858190709
2017-11,0.022865853658536585,0.018292682926829267,0.019054878048780487,0.03353658536585366,0.036585365853658534,0.022865853658536585,0.025914634146341462,0.06402439024390244,0.06021341463414634,0.01600609756097561,0.053353658536585365,0.01600609756097561,0.026676829268292682,0.025152439024390245,0.018292682926829267,0.021341463414634148,0.023628048780487805,0.018292682926829267,0.02972560975609756,0.019817073170731708,0.022103658536585365,0.024390243902439025,0.010670731707317074,0.022103658536585365,0.01753048780487805,0.028201219512195123,0.03125,0.01753048780487805,0.027439024390243903,0.03201219512195122,0.026676829268292682,0.022103658536585365,0.028963414634146343,0.01600609756097561,0.03429878048780488,0.037347560975609755,0.02972560975609756
2017-12,0.02422680412371134,0.015463917525773196,0.0288659793814433,0.03505154639175258,0.03865979381443299,0.025257731958762887,0.030412371134020618,0.04896907216494845,0.08298969072164948,0.023195876288659795,0.042268041237113405,0.013917525773195877,0.023711340206185566,0.02268041237113402,0.012371134020618556,0.020103092783505156,0.017010309278350514,0.018556701030927835,0.02577319587628866,0.017010309278350514,0.014948453608247423,0.026288659793814433,0.016494845360824743,0.030927835051546393,0.030412371134020618,0.03505154639175258,0.030927835051546393,0.025257731958762887,0.028350515463917526,0.042268041237113405,0.015463917525773196,0.018556701030927835,0.02268041237113402,0.013402061855670102,0.025257731958762887,0.031443298969072164,0.02577319587628866
2018-01,0.028769841269841268,0.025793650793650792,0.03273809523809524,0.03521825396825397,0.03373015873015873,0.024305555555555556,0.018353174603174604,0.049107142857142856,0.07242063492063493,0.0248015873015873,0.050595238095238096,0.017857142857142856,0.022817460317460316,0.023313492063492064,0.011904761904761904,0.01636904761904762,0.027281746031746032,0.022321428571428572,0.033234126984126984,0.018849206349206348,0.014384920634920634,0.025297619047619048,0.014384920634920634,0.032242063492063495,0.01488095238095238,0.036210317460317464,0.023809523809523808,0.02628968253968254,0.030257936507936508,0.022321428571428572,0.011904761904761904,0.020833333333333332,0.015873015873015872,0.023809523809523808,0.03670634920634921,0.03273809523809524,0.028273809523809524
2018-02,0.030708661417322834,0.02125984251968504,0.03385826771653543,0.03385826771653543,0.025196850393700787,0.02125984251968504,0.027559055118110236,0.03464566929133858,0.07637795275590552,0.029921259842519685,0.03307086614173228,0.02204724409448819,0.026771653543307086,0.03228346456692913,0.007874015748031496,0.015748031496062992,0.024409448818897637,0.028346456692913385,0.024409448818897637,0.014173228346456693,0.02047244094488189,0.03464566929133858,0.014173228346456693,0.01732283464566929,0.01732283464566929,0.026771653543307086,0.029133858267716535,0.03543307086614173,0.04488188976377953,0.028346456692913385,0.01889763779527559,0.02204724409448819,0.01968503937007874,0.028346456692913385,0.031496062992125984,0.025196850393700787,0.02204724409448819
2018-03,0.031806615776081425,0.01653944020356234,0.031806615776081425,0.02989821882951654,0.031806615776081425,0.02544529262086514,0.026717557251908396,0.04389312977099236,0.07506361323155217,0.022264631043257,0.044529262086514,0.022900763358778626,0.021628498727735368,0.031170483460559797,0.012086513994910942,0.022900763358778626,0.02544529262086514,0.022264631043257,0.03498727735368957,0.012086513994910942,0.013994910941475827,0.026717557251908396,0.01653944020356234,0.023536895674300253,0.018447837150127225,0.023536895674300253,0.02989821882951654,0.02480916030534351,0.02544529262086514,0.031170483460559797,0.018447837150127225,0.030534351145038167,0.019720101781170483,0.022264631043257,0.03244274809160305,0.027989821882951654,0.029262086513994912
2018-04,0.02632937532266391,0.01858544140423335,0.019101703665462055,0.03768714506969541,0.029943211151264842,0.029943211151264842,0.022715539494062985,0.0371708828084667,0.09499225606608157,0.023231801755291687,0.049044914816726896,0.01858544140423335,0.021166752710376872,0.027361899845121322,0.016520392359318535,0.021166752710376872,0.027361899845121322,0.015487867836861126,0.03768714506969541,0.018069179143004648,0.020134228187919462,0.022715539494062985,0.014455343314403717,0.024264326277749097,0.014455343314403717,0.021166752710376872,0.03355704697986577,0.027361899845121322,0.030459473412493547,0.02632937532266391,0.015487867836861126,0.01961796592669076,0.019101703665462055,0.020134228187919462,0.041817243159525036,0.020650490449148167,0.036138358286009295
2018-05,0.023848238482384824,0.02113821138211382,0.026016260162601626,0.03902439024390244,0.03143631436314363,0.03035230352303523,0.023306233062330622,0.04878048780487805,0.07859078590785908,0.020596205962059622,0.044986449864498644,0.022764227642276424,0.01842818428184282,0.033062330623306234,0.022222222222222223,0.02168021680216802,0.01951219512195122,0.018970189701897018,0.03143631436314363,0.017344173441734417,0.01951219512195122,0.025474254742547425,0.00975609756097561,0.023848238482384824,0.018970189701897018,0.02168021680216802,0.024390243902439025,0.026558265582655827,0.02926829268292683,0.024390243902439025,0.024390243902439025,0.02926829268292683,0.014092140921409214,0.014634146341463415,0.044444444444444446,0.024932249322493227,0.030894308943089432
2018-06,0.03594771241830065,0.01764705882352941,0.02875816993464052,0.03725490196078431,0.02287581699346405,0.025490196078431372,0.02483660130718954,0.032679738562091505,0.08823529411764706,0.022222222222222223,0.04183006535947712,0.01568627450980392,0.030065359477124184,0.02483660130718954,0.011764705882352941,0.03137254901960784,0.026143790849673203,0.01699346405228758,0.026143790849673203,0.02483660130718954,0.013725490196078431,0.034640522875816995,0.01437908496732026,0.030065359477124184,0.020261437908496733,0.02679738562091503,0.02091503267973856,0.01764705882352941,0.03137254901960784,0.02091503267973856,0.01895424836601307,0.0196078431372549,0.018300653594771243,0.021568627450980392,0.044444444444444446,0.027450980392156862,0.03333333333333333
2018-07,0.03212616822429906,0.026285046728971962,0.028037383177570093,0.03154205607476635,0.02044392523364486,0.030373831775700934,0.030957943925233645,0.036214953271028034,0.0741822429906542,0.018107476635514017,0.035630841121495324,0.018107476635514017,0.02219626168224299,0.04030373831775701,0.019275700934579438,0.02044392523364486,0.01985981308411215,0.015771028037383176,0.029205607476635514,0.02102803738317757,0.02570093457943925,0.028621495327102803,0.02044392523364486,0.030373831775700934,0.01985981308411215,0.02161214953271028,0.02511682242990654,0.02394859813084112,0.037967289719626166,0.036214953271028034,0.02161214953271028,0.02336448598130841,0.016355140186915886,0.013434579439252336,0.035630841121495324,0.02336448598130841,0.026285046728971962
2018-08,0.030320699708454812,0.02507288629737609,0.030903790087463558,0.029737609329446066,0.027988338192419825,0.029154518950437316,0.015160349854227406,0.04723032069970846,0.07521865889212828,0.02507288629737609,0.037317784256559766,0.018658892128279883,0.02740524781341108,0.03440233236151603,0.015160349854227406,0.018658892128279883,0.01749271137026239,0.014577259475218658,0.02040816326530612,0.02507288629737609,0.019825072886297375,0.037900874635568516,0.016909620991253645,0.0239067055393586,0.022740524781341108,0.022740524781341108,0.030320699708454812,0.02040816326530612,0.030320699708454812,0.027988338192419825,0.0239067055393586,0.01749271137026239,0.016909620991253645,0.022740524781341108,0.03848396501457726,0.030903790087463558,0.0314868804664723
2018-09,0.02047981275599766,0.021064950263311878,0.01989467524868344,0.044470450555880635,0.01579871269748391,0.02047981275599766,0.022820362785254535,0.03452311293153891,0.07314218841427736,0.027501462843768285,0.03393797542422469,0.016968987712112346,0.027501462843768285,0.037448800468110006,0.013458162668227034,0.018139262726740785,0.021650087770626096,0.017554125219426564,0.032767700409596257,0.018724400234055003,0.021064950263311878,0.029256875365710942,0.021064950263311878,0.027501462843768285,0.021064950263311878,0.028671737858396724,0.03510825043885313,0.021064950263311878,0.032767700409596257,0.04095962551199532,0.01930953774136922,0.017554125219426564,0.017554125219426564,0.022235225277940317,0.042715038033937974,0.027501462843768285,0.03627852545348157
2018-10,0.025967894239848913,0.03163361661945231,0.017469310670443813,0.04343720491029273,0.019830028328611898,0.027384324834749764,0.014636449480642116,0.030217186024551465,0.07790368271954674,0.021246458923512748,0.059490084985835696,0.0169971671388102,0.018413597733711047,0.03163361661945231,0.016052880075542966,0.018885741265344664,0.030217186024551465,0.025495750708215296,0.029745042492917848,0.0169971671388102,0.020302171860245515,0.02502360717658168,0.016525023607176583,0.02785646836638338,0.023607176581680833,0.030689329556185082,0.021718602455146365,0.02077431539187913,0.028800755429650614,0.036827195467422094,0.019830028328611898,0.012747875354107648,0.0169971671388102,0.023607176581680833,0.046742209631728045,0.02927289896128423,0.02502360717658168
2018-11,0.03295454545454545,0.021022727272727273,0.023295454545454546,0.040340909090909094,0.023863636363636365,0.02159090909090909,0.03068181818181818,0.031818181818181815,0.08636363636363636,0.015909090909090907,0.05056818181818182,0.02556818181818182,0.029545454545454545,0.031818181818181815,0.011931818181818182,0.020454545454545454,0.017045454545454544,0.02215909090909091,0.03579545454545455,0.0125,0.01875,0.02556818181818182,0.010795454545454546,0.02556818181818182,0.019886363636363636,0.02556818181818182,0.03409090909090909,0.029545454545454545,0.031818181818181815,0.028977272727272727,0.023295454545454546,0.020454545454545454,0.01534090909090909,0.014772727272727272,0.045454545454545456,0.021022727272727273,0.023863636363636365
2018-12,0.03576341127922971,0.02544704264099037,0.026822558459422285,0.037138927097661624,0.019944979367262722,0.030949105914718018,0.032324621733149934,0.0405777166437414,0.07221458046767538,0.02269601100412655,0.0405777166437414,0.016506189821182942,0.024759284731774415,0.032324621733149934,0.013755158184319119,0.012379642365887207,0.016506189821182942,0.01925722145804677,0.02544704264099037,0.02063273727647868,0.021320495185694635,0.02544704264099037,0.017881705639614855,0.024071526822558458,0.030261348005502064,0.028198074277854195,0.032324621733149934,0.023383768913342505,0.032324621733149934,0.02200825309491059,0.024071526822558458,0.02269601100412655,0.008940852819807428,0.026822558459422285,0.02888583218707015,0.03576341127922971,0.029573590096286108
2019-01,0.029013539651837523,0.02127659574468085,0.024500322372662798,0.03288201160541586,0.024500322372662798,0.027079303675048357,0.026434558349451968,0.0367504835589942,0.08188265635074146,0.02321083172147002,0.05157962604771115,0.015473887814313346,0.030947775628626693,0.030947775628626693,0.013539651837524178,0.020631850419084462,0.02256608639587363,0.016118633139909737,0.030947775628626693,0.019342359767891684,0.024500322372662798,0.02127659574468085,0.017408123791102514,0.029013539651837523,0.016118633139909737,0.02385557704706641,0.036105738233397806,0.018052869116698903,0.029658284977433915,0.03288201160541586,0.027079303675048357,0.018697614442295292,0.015473887814313346,0.015473887814313346,0.0425531914893617,0.02192134107027724,0.030303030303030304
2019-02,0.026905829596412557,0.02914798206278027,0.030642750373692077,0.04035874439461883,0.02466367713004484,0.030642750373692077,0.017937219730941704,0.04633781763826607,0.06427503736920777,0.026158445440956652,0.03139013452914798,0.02092675635276532,0.020179372197309416,0.030642750373692077,0.014947683109118086,0.01569506726457399,0.028400597907324365,0.01868460388639761,0.03736920777279522,0.01868460388639761,0.0171898355754858,0.032137518684603884,0.020179372197309416,0.02466367713004484,0.009715994020926755,0.020179372197309416,0.030642750373692077,0.020179372197309416,0.02391629297458894,0.03736920777279522,0.026158445440956652,0.02466367713004484,0.01943198804185351,0.023168908819133034,0.04035874439461883,0.029895366218236172,0.026158445440956652
2019-03,0.035847647498132934,0.01717699775952203,0.02315160567587752,0.03659447348767737,0.01344286781179985,0.03435399551904406,0.022404779686333084,0.020164301717699777,0.06870799103808813,0.021657953696788648,0.037341299477221805,0.020164301717699777,0.03211351755041075,0.040328603435399554,0.008961911874533234,0.018670649738610903,0.016430171769977596,0.014189693801344288,0.02539208364451083,0.022404779686333084,0.018670649738610903,0.027632561613144136,0.028379387602688575,0.026138909634055265,0.02389843166542196,0.026138909634055265,0.04480955937266617,0.02539208364451083,0.029873039581777446,0.040328603435399554,0.01568334578043316,0.02315160567587752,0.018670649738610903,0.014936519790888723,0.0619865571321882,0.029873039581777446,0.014936519790888723
2019-04,0.03571428571428571,0.022321428571428572,0.022321428571428572,0.036458333333333336,0.03050595238095238,0.02976190476190476,0.01711309523809524,0.031994047619047616,0.07142857142857142,0.014136904761904762,0.044642857142857144,0.023809523809523808,0.014136904761904762,0.03720238095238095,0.011160714285714286,0.01711309523809524,0.03571428571428571,0.010416666666666666,0.04092261904761905,0.03125,0.01636904761904762,0.026785714285714284,0.013392857142857142,0.01636904761904762,0.019345238095238096,0.026785714285714284,0.041666666666666664,0.01711309523809524,0.024553571428571428,0.03571428571428571,0.023809523809523808,0.022321428571428572,0.020089285714285716,0.023065476190476192,0.044642857142857144,0.031994047619047616,0.017857142857142856
2019-05,0.03466317854807063,0.026814911706998037,0.027468933943754086,0.04774362328319163,0.020928711576193592,0.02289077828646174,0.01831262262916939,0.03727926749509483,0.06605624591236102,0.01962066710268149,0.033355134074558535,0.014388489208633094,0.02223675604970569,0.030085022890778287,0.010464355788096796,0.01831262262916939,0.015696533682145193,0.011772400261608895,0.02877697841726619,0.032701111837802485,0.020274689339437543,0.026160889470241987,0.014388489208633094,0.030085022890778287,0.02223675604970569,0.033355134074558535,0.031393067364290386,0.033355134074558535,0.029431000654022238,0.033355134074558535,0.026160889470241987,0.028122956180510136,0.009810333551340745,0.01896664486592544,0.04251144538914323,0.03531720078482668,0.025506867233485938
2019-06,0.03585461689587426,0.026031434184675836,0.03241650294695481,0.0481335952848723,0.019155206286836934,0.03339882121807466,0.016208251473477406,0.03536345776031434,0.06827111984282908,0.014734774066797643,0.039783889980353634,0.0206286836935167,0.02013752455795678,0.03585461689587426,0.015225933202357564,0.015717092337917484,0.01719056974459725,0.01719056974459725,0.029469548133595286,0.030451866404715127,0.0137524557956778,0.0343811394891945,0.015717092337917484,0.02455795677799607,0.02111984282907662,0.029469548133595286,0.03339882121807466,0.019646365422396856,0.032907662082514735,0.04223968565815324,0.026522593320235755,0.016208251473477406,0.015717092337917484,0.015225933202357564,0.03732809430255403,0.023575638506876228,0.027013752455795677
2019-07,0.03264417845484222,0.031011969532100107,0.032100108813928184,0.03536452665941241,0.02013057671381937,0.02013057671381937,0.020674646354733407,0.03917301414581066,0.060935799782372145,0.024483133841131665,0.035908596300326445,0.02176278563656148,0.02665941240478781,0.03373231773667029,0.015778019586507073,0.013057671381936888,0.017954298150163223,0.01958650707290533,0.029379760609358,0.02665941240478781,0.024483133841131665,0.03427638737758433,0.016866158868335146,0.024483133841131665,0.028291621327529923,0.01958650707290533,0.028291621327529923,0.023394994559303592,0.02883569096844396,0.04026115342763874,0.022306855277475515,0.017954298150163223,0.014145810663764961,0.021218715995647442,0.041893362350380846,0.026115342763873776,0.030467899891186073
2019-08,0.04289071680376028,0.029964747356051705,0.03172737955346651,0.043478260869565216,0.01880141010575793,0.025851938895417155,0.011163337250293772,0.03172737955346651,0.07109283196239718,0.02526439482961222,0.031139835487661575,0.02702702702702703,0.01880141010575793,0.045828437132784956,0.012925969447708578,0.00881316098707403,0.01762632197414806,0.012925969447708578,0.02526439482961222,0.033490011750881316,0.024676850763807285,0.02702702702702703,0.015863689776733254,0.01410105757931845,0.025851938895417155,0.02937720329024677,0.024676850763807285,0.02702702702702703,0.03172737955346651,0.04759106933019976,0.021739130434782608,0.017038777908343124,0.011750881316098707,0.017038777908343124,0.03172737955346651,0.033490011750881316,0.033490011750881316
2019-09,0.02744546094299789,0.023926812104152005,0.03518648838845883,0.03870513722730472,0.01618578465869106,0.028149190710767064,0.013370865587614356,0.03729767769176636,0.06826178747361013,0.018296973961998593,0.03096410978184377,0.021815622800844477,0.017593244194229415,0.03096410978184377,0.014074595355383532,0.02322308233638283,0.018296973961998593,0.01618578465869106,0.023926812104152005,0.033075299085151305,0.0211118930330753,0.02674173117522871,0.011259676284306826,0.0211118930330753,0.017593244194229415,0.038001407459535536,0.033075299085151305,0.019704433497536946,0.03518648838845883,0.04152005629838142,0.03377902885292048,0.019000703729767768,0.014778325123152709,0.015482054890921885,0.045038705137227304,0.03940886699507389,0.030260380014074596
2019-10,0.03459119496855346,0.026504941599281222,0.03099730458221024,0.038185085354896675,0.0215633423180593,0.03234501347708895,0.021114106019766397,0.03638814016172507,0.06963162623539983,0.014824797843665768,0.032794249775381853,0.02021563342318059,0.029200359389038633,0.04043126684636118,0.012578616352201259,0.020664869721473494,0.013926325247079964,0.01752021563342318,0.02021563342318059,0.02605570530098832,0.015723270440251572,0.031446540880503145,0.014375561545372867,0.025606469002695417,0.022911051212938006,0.026954177897574125,0.03638814016172507,0.026504941599281222,0.022911051212938006,0.03593890386343217,0.029200359389038633,0.01752021563342318,0.018418688230008983,0.011230907457322551,0.03908355795148248,0.03863432165318958,0.027403414195867025
2019-11,0.036036036036036036,0.017454954954954954,0.03434684684684685,0.03772522522522523,0.018018018018018018,0.03153153153153153,0.020833333333333332,0.04279279279279279,0.0686936936936937,0.014076576576576577,0.03434684684684685,0.015765765765765764,0.03153153153153153,0.03209459459459459,0.012387387387387387,0.018581081081081082,0.02195945945945946,0.016891891891891893,0.03209459459459459,0.02759009009009009,0.019144144144144143,0.02533783783783784,0.013513513513513514,0.019707207207207207,0.015765765765765764,0.02364864864864865,0.04954954954954955,0.023085585585585586,0.03322072072072072,0.03772522522522523,0.023085585585585586,0.01632882882882883,0.01295045045045045,0.010135135135135136,0.052364864864864864,0.036036036036036036,0.02364864864864865
2019-12,0.030775899436497615,0.02600780234070221,0.021239705244906804,0.054182921543129606,0.022973558734286952,0.02600780234070221,0.022540095361941917,0.03684438664932813,0.07152145643693109,0.01950585175552666,0.03857824013870828,0.021239705244906804,0.022973558734286952,0.03164282618118769,0.017338534893801473,0.016905071521456438,0.018638925010836586,0.012136974425661032,0.02990897269180754,0.015604681404421327,0.022106631989596878,0.035110533159947985,0.013870827915041179,0.0247074122236671,0.017771998266146512,0.02600780234070221,0.029475509319462505,0.031209362808842653,0.027741655830082357,0.025574338968357174,0.025574338968357174,0.021239705244906804,0.012136974425661032,0.012570437798006068,0.054182921543129606,0.03901170351105332,0.025140875596012136
2020-01,0.026717557251908396,0.02544529262086514,0.028413910093299407,0.047073791348600506,0.02544529262086514,0.02205258693808312,0.021204410517387615,0.03265479219677693,0.07718405428329092,0.02502120441051739,0.039016115351993216,0.02374893977947413,0.02714164546225615,0.031806615776081425,0.01441899915182358,0.024597116200169637,0.02332485156912638,0.019083969465648856,0.024597116200169637,0.024597116200169637,0.01823579304495335,0.024173027989821884,0.01653944020356234,0.022900763358778626,0.021628498727735368,0.030534351145038167,0.031806615776081425,0.019508057675996608,0.027989821882951654,0.028413910093299407,0.02205258693808312,0.020780322307039863,0.008905852417302799,0.017811704834605598,0.044529262086514,0.031382527565733676,0.029262086513994912
2020-02,0.024717893605588393,0.02203116603976357,0.026329930145083287,0.047286405158516925,0.024717893605588393,0.03062869425040301,0.02095647501343364,0.032240730789897906,0.05588393336915637,0.016120365394948953,0.04083825900053734,0.01934443847393874,0.0338527673293928,0.04406233207952714,0.018269747447608814,0.017195056421278884,0.02095647501343364,0.018269747447608814,0.02418054809242343,0.02041912950026867,0.017732401934443847,0.0338527673293928,0.013970983342289092,0.02203116603976357,0.023643202579258463,0.027404621171413217,0.03331542181622783,0.029016657710908115,0.03439011284255777,0.026867275658248254,0.025792584631918324,0.0231058570660935,0.02203116603976357,0.02203116603976357,0.03331542181622783,0.027404621171413217,0.025792584631918324
2020-03,0.03211198023878139,0.0345821325648415,0.026759983532317826,0.059283655825442566,0.02140798682585426,0.02181967888019761,0.02140798682585426,0.025524907369287773,0.0683408810209963,0.01070399341292713,0.02881844380403458,0.018114450391107453,0.029641827912721283,0.04857966241251544,0.009057225195553726,0.015644298065047343,0.02181967888019761,0.01729106628242075,0.03705228489090161,0.027171675586661177,0.020172910662824207,0.029230135858377932,0.018937834499794155,0.02181967888019761,0.0337587484561548,0.027171675586661177,0.04569781803211198,0.0168793742280774,0.02470152326060107,0.02799505969534788,0.016055990119390694,0.026348291477974475,0.018114450391107453,0.011939069575957185,0.03170028818443804,0.026348291477974475,0.02799505969534788
2020-04,0.037640667442762905,0.02716336825766395,0.03570042685292976,0.042297244858362434,0.020954598370197905,0.02522312766783081,0.019014357780364765,0.02871556072953046,0.0682964687621265,0.02211874272409779,0.0306558013193636,0.01590997283663174,0.020566550252231277,0.04811796662786186,0.010089251067132324,0.019014357780364765,0.025611175785797437,0.02017850213426465,0.03414823438106325,0.027939464493597205,0.020954598370197905,0.02910360884749709,0.02017850213426465,0.02017850213426465,0.033372138145129994,0.026387272021730693,0.03570042685292976,0.01823826154443151,0.024447031431897557,0.03414823438106325,0.018626309662398137,0.029879705083430345,0.012029491656965464,0.012029491656965464,0.03841676367869616,0.02405898331393093,0.022894838960031045
2020-05,0.028769841269841268,0.02628968253968254,0.024305555555555556,0.05357142857142857,0.024305555555555556,0.029265873015873016,0.014384920634920634,0.03869047619047619,0.05406746031746032,0.023809523809523808,0.029265873015873016,0.01488095238095238,0.02132936507936508,0.03373015873015873,0.015376984126984126,0.023809523809523808,0.013888888888888888,0.020833333333333332,0.037698412698412696,0.025297619047619048,0.020833333333333332,0.031746031746031744,0.018849206349206348,0.028273809523809524,0.022321428571428572,0.027281746031746032,0.036210317460317464,0.017857142857142856,0.026785714285714284,0.034722222222222224,0.027281746031746032,0.025297619047619048,0.01488095238095238,0.01488095238095238,0.04861111111111111,0.028769841269841268,0.021825396825396824
2020-06,0.029970760233918127,0.02046783625730994,0.027046783625730993,0.04824561403508772,0.016812865497076022,0.03289473684210526,0.016812865497076022,0.029970760233918127,0.05701754385964912,0.017543859649122806,0.033625730994152045,0.025584795321637425,0.02412280701754386,0.03289473684210526,0.00804093567251462,0.027046783625730993,0.019736842105263157,0.013157894736842105,0.03216374269005848,0.02412280701754386,0.017543859649122806,0.027777777777777776,0.02412280701754386,0.023391812865497075,0.02412280701754386,0.03289473684210526,0.0402046783625731,0.023391812865497075,0.03874269005847953,0.038011695906432746,0.02850877192982456,0.02266081871345029,0.016812865497076022,0.008771929824561403,0.038011695906432746,0.029239766081871343,0.02850877192982456
2020-07,0.033489618218352314,0.024112525117213665,0.041527126590756865,0.03415941058271936,0.017414601473543203,0.02344273275284662,0.020093770931011386,0.03951774949765573,0.06496985934360348,0.021433355659745478,0.025452109845947757,0.020093770931011386,0.027461486939048894,0.04219691895512391,0.013395847287340924,0.010046885465505693,0.013395847287340924,0.016744809109176157,0.042866711319490956,0.021433355659745478,0.016744809109176157,0.028801071667782986,0.02344273275284662,0.030810448760884127,0.026121902210314803,0.02277294038847957,0.03415941058271936,0.026121902210314803,0.028801071667782986,0.030810448760884127,0.03415941058271936,0.015405224380442064,0.010716677829872739,0.01942397856664434,0.042866711319490956,0.032150033489618215,0.02344273275284662
2020-08,0.026757934038581208,0.0224019912881145,0.03546981953951462,0.0522713130056005,0.02613565650280025,0.019290603609209707,0.021157436216552583,0.031736154324828875,0.0715619166148102,0.021157436216552583,0.028002489110143122,0.019912881144990666,0.029869321717486,0.05040448039825762,0.014934660858743,0.009956440572495333,0.01431238332296204,0.015556938394523958,0.02924704418170504,0.027380211574362167,0.021157436216552583,0.030491599253266957,0.02924704418170504,0.02924704418170504,0.012445550715619166,0.02862476664592408,0.019290603609209707,0.018668326073428748,0.03484754200373367,0.031736154324828875,0.024268823895457373,0.026757934038581208,0.019912881144990666,0.021157436216552583,0.03609209707529558,0.021779713752333542,0.026757934038581208
2020-09,0.02902757619738752,0.02830188679245283,0.03193033381712627,0.030478955007256895,0.016690856313497822,0.030478955007256895,0.022496371552975326,0.03701015965166909,0.05152394775036284,0.020319303338171262,0.02467343976777939,0.023222060957910014,0.02830188679245283,0.02902757619738752,0.016690856313497822,0.013062409288824383,0.016690856313497822,0.019593613933236574,0.02830188679245283,0.026850507982583455,0.02539912917271408,0.03555878084179971,0.027576197387518143,0.031204644412191583,0.031204644412191583,0.02830188679245283,0.03991291727140784,0.020319303338171262,0.02177068214804064,0.03483309143686502,0.026124818577648767,0.033381712626995644,0.016690856313497822,0.015965166908563134,0.03918722786647315,0.026124818577648767,0.02177068214804064
2020-10,0.03604587657018023,0.027307482250136537,0.03386127799016931,0.0496996176952485,0.019661387220098307,0.030038230475150193,0.02403058438012015,0.03604587657018023,0.052976515565264885,0.017476788640087382,0.033315128345166575,0.014199890770071,0.025669033315128344,0.03222282905516111,0.01474604041507373,0.02075368651010377,0.019661387220098307,0.017476788640087382,0.02894593118514473,0.022938285090114693,0.020207536865101038,0.031676679410158386,0.019115237575095576,0.02785363189513927,0.024576734025122882,0.024576734025122882,0.03222282905516111,0.0212998361551065,0.02894593118514473,0.03113052976515565,0.031676679410158386,0.015838339705079193,0.0212998361551065,0.01474604041507373,0.042599672310213,0.026215182960131075,0.02894593118514473
2020-11,0.026294820717131476,0.026294820717131476,0.024701195219123506,0.03745019920318725,0.023107569721115537,0.03187250996015936,0.016733067729083666,0.031075697211155377,0.0549800796812749,0.022310756972111555,0.02948207171314741,0.027091633466135457,0.026294820717131476,0.04780876494023904,0.019123505976095617,0.015139442231075698,0.009561752988047808,0.023107569721115537,0.03824701195219123,0.02549800796812749,0.02549800796812749,0.028685258964143426,0.01752988047808765,0.024701195219123506,0.02151394422310757,0.030278884462151396,0.034262948207171316,0.019123505976095617,0.03266932270916335,0.04302788844621514,0.022310756972111555,0.01593625498007968,0.013545816733067729,0.022310756972111555,0.04143426294820717,0.024701195219123506,0.026294820717131476
2020-12,0.022117962466487937,0.02680965147453083,0.03284182305630027,0.045576407506702415,0.020107238605898123,0.03351206434316354,0.02546916890080429,0.024798927613941018,0.05630026809651475,0.028820375335120642,0.02613941018766756,0.01943699731903485,0.03284182305630027,0.06635388739946381,0.013404825737265416,0.00804289544235925,0.01675603217158177,0.01675603217158177,0.027479892761394103,0.024128686327077747,0.020777479892761394,0.02680965147453083,0.024798927613941018,0.028150134048257374,0.020777479892761394,0.032171581769437,0.03753351206434316,0.01742627345844504,0.02613941018766756,0.04088471849865952,0.01675603217158177,0.020107238605898123,0.012064343163538873,0.015415549597855228,0.05026809651474531,0.024128686327077747,0.018096514745308313
2021-01,0.026726057906458798,0.034892353377876766,0.03192279138827023,0.042316258351893093,0.020786933927245732,0.032665181885671864,0.011135857461024499,0.032665181885671864,0.07349665924276169,0.017074981440237565,0.028953229398663696,0.019302152932442463,0.02969561989606533,0.041573867854491464,0.011878247958426132,0.014847809948032665,0.02301410541945063,0.016332590942835932,0.02301410541945063,0.028210838901262063,0.02746844840386043,0.02301410541945063,0.02301410541945063,0.022271714922048998,0.021529324424647365,0.032665181885671864,0.031180400890868598,0.017817371937639197,0.028953229398663696,0.026726057906458798,0.026726057906458798,0.019302152932442463,0.014847809948032665,0.01855976243504083,0.06087602078693393,0.030438010393466965,0.014105419450631032
2021-02,0.0336734693877551,0.02346938775510204,0.024489795918367346,0.04081632653061224,0.02142857142857143,0.026530612244897958,0.02142857142857143,0.027551020408163266,0.07040816326530612,0.02040816326530612,0.0336734693877551,0.018367346938775512,0.03163265306122449,0.036734693877551024,0.013265306122448979,0.01020408163265306,0.026530612244897958,0.026530612244897958,0.030612244897959183,0.024489795918367346,0.022448979591836733,0.03775510204081633,0.019387755102040816,0.02142857142857143,0.025510204081632654,0.03877551020408163,0.0336734693877551,0.027551020408163266,0.02040816326530612,0.03571428571428571,0.02857142857142857,0.018367346938775512,0.011224489795918367,0.01020408163265306,0.03775510204081633,0.03163265306122449,0.017346938775510204
2021-03,0.03445692883895131,0.02247191011235955,0.030711610486891385,0.045692883895131084,0.02846441947565543,0.017228464419475654,0.018726591760299626,0.04269662921348315,0.04943820224719101,0.02846441947565543,0.03146067415730337,0.0149812734082397,0.02696629213483146,0.03146067415730337,0.01348314606741573,0.012734082397003745,0.02397003745318352,0.02546816479400749,0.03295880149812734,0.0149812734082397,0.0149812734082397,0.029213483146067417,0.0149812734082397,0.021722846441947566,0.030711610486891385,0.03445692883895131,0.041947565543071164,0.023220973782771534,0.01647940074906367,0.030711610486891385,0.024719101123595506,0.02546816479400749,0.015730337078651686,0.014232209737827715,0.039700374531835204,0.04269662921348315,0.03220973782771536
2021-04,0.028602860286028604,0.030803080308030802,0.025302530253025302,0.050605060506050605,0.019801980198019802,0.034103410341034104,0.015401540154015401,0.033003300330033,0.0638063806380638,0.0231023102310231,0.034103410341034104,0.027502750275027504,0.0407040704070407,0.022002200220022004,0.011001100110011002,0.0121012101210121,0.019801980198019802,0.0176017601760176,0.033003300330033,0.025302530253025302,0.015401540154015401,0.0297029702970297,0.014301430143014302,0.022002200220022004,0.026402640264026403,0.0242024202420242,0.041804180418041806,0.0231023102310231,0.0407040704070407,0.034103410341034104,0.027502750275027504,0.020902090209020903,0.011001100110011002,0.009900990099009901,0.033003300330033,0.0319031903190319,0.026402640264026403
2021-05,0.043000914913083256,0.026532479414455627,0.018298261665141813,0.05123513266239707,0.023787740164684355,0.03110704483074108,0.013723696248856358,0.0292772186642269,0.06953339432753888,0.020128087831655993,0.043000914913083256,0.0292772186642269,0.026532479414455627,0.026532479414455627,0.01555352241537054,0.022872827081427266,0.026532479414455627,0.012808783165599268,0.022872827081427266,0.023787740164684355,0.022872827081427266,0.03019213174748399,0.01555352241537054,0.020128087831655993,0.021043000914913082,0.022872827081427266,0.03293687099725526,0.0192131747483989,0.03293687099725526,0.035681610247026534,0.023787740164684355,0.0192131747483989,0.01646843549862763,0.01463860933211345,0.0384263494967978,0.03476669716376944,0.022872827081427266
2021-06,0.025792188651436992,0.01989683124539425,0.030950626381724394,0.047899778924097275,0.025792188651436992,0.023581429624170966,0.018422991893883568,0.036845983787767135,0.0655858511422255,0.025055268975681652,0.040530582166543844,0.01989683124539425,0.027266028002947678,0.020633750921149593,0.007369196757553427,0.020633750921149593,0.034635224760501106,0.017686072218128224,0.03831982313927782,0.01915991156963891,0.011790714812085483,0.029476787030213707,0.01105379513633014,0.025055268975681652,0.02431834929992631,0.02800294767870302,0.036845983787767135,0.01989683124539425,0.027266028002947678,0.026529108327192335,0.021370670596904937,0.012527634487840826,0.01694915254237288,0.014738393515106854,0.05084745762711865,0.050110537951363304,0.027266028002947678
2021-07,0.02243829468960359,0.02393418100224383,0.02019446522064323,0.04038893044128646,0.015706806282722512,0.033657442034405384,0.018698578908002993,0.048616305160807775,0.06357516828721017,0.025430067314884067,0.03664921465968586,0.027673896783844427,0.02617801047120419,0.04637247569184742,0.02468212415856395,0.025430067314884067,0.014958863126402393,0.02393418100224383,0.025430067314884067,0.014958863126402393,0.01944652206432311,0.028421839940164548,0.01720269259536275,0.02617801047120419,0.025430067314884067,0.027673896783844427,0.03216155572176515,0.025430067314884067,0.029917726252804786,0.02318623784592371,0.014958863126402393,0.015706806282722512,0.01795063575168287,0.02393418100224383,0.041884816753926704,0.025430067314884067,0.02617801047120419
2021-08,0.02141157811260904,0.03330689928628073,0.029341792228390166,0.03013481363996828,0.023790642347343377,0.029341792228390166,0.011895321173671689,0.04361617763679619,0.05947660586835844,0.02458366375892149,0.023790642347343377,0.02775574940523394,0.022997620935765267,0.03013481363996828,0.029341792228390166,0.022997620935765267,0.017446471054718478,0.019825535289452814,0.03330689928628073,0.02141157811260904,0.02141157811260904,0.03013481363996828,0.017446471054718478,0.025376685170499604,0.020618556701030927,0.028548770816812053,0.030927835051546393,0.020618556701030927,0.03409992069785884,0.025376685170499604,0.029341792228390166,0.026169706582077717,0.01506740681998414,0.02141157811260904,0.03727200634417129,0.03885804916732752,0.02141157811260904
2021-09,0.03234501347708895,0.0215633423180593,0.02336028751123091,0.03593890386343217,0.017070979335130278,0.036837376460017966,0.012578616352201259,0.03234501347708895,0.061096136567834684,0.020664869721473494,0.034141958670260555,0.016172506738544475,0.029649595687331536,0.03504043126684636,0.018867924528301886,0.0215633423180593,0.02336028751123091,0.026954177897574125,0.030548068283917342,0.011680143755615454,0.02336028751123091,0.0431266846361186,0.018867924528301886,0.02425876010781671,0.030548068283917342,0.028751123090745734,0.030548068283917342,0.019766397124887692,0.03324348607367475,0.02336028751123091,0.029649595687331536,0.0215633423180593,0.016172506738544475,0.008086253369272238,0.05121293800539083,0.022461814914645103,0.03324348607367475
2021-10,0.020328381548084442,0.024237685691946835,0.03596559812353401,0.03674745895230649,0.01563721657544957,0.02501954652071931,0.0218921032056294,0.0437842064112588,0.05238467552775606,0.024237685691946835,0.026583268178264268,0.014855355746677092,0.03127443315089914,0.03831118060985145,0.017200938232994525,0.018764659890539485,0.014855355746677092,0.019546520719311962,0.033620015637216574,0.019546520719311962,0.023455824863174355,0.028146989835809225,0.014073494917904612,0.028928850664581705,0.03596559812353401,0.033620015637216574,0.0398749022673964,0.017982799061767005,0.033620015637216574,0.03440187646598905,0.022673964034401875,0.0218921032056294,0.0218921032056294,0.008600469116497263,0.04925723221266615,0.029710711493354185,0.02111024237685692
2021-11,0.02134756504336224,0.0333555703802535,0.028018679119412943,0.04336224149432955,0.0200133422281521,0.022014676450967312,0.01734489659773182,0.02935290193462308,0.06404269513008673,0.02068045363575717,0.03402268178785857,0.01134089392928619,0.028685790527018012,0.032021347565043365,0.028018679119412943,0.01801200800533689,0.025350233488992662,0.0266844563042028,0.0200133422281521,0.022014676450967312,0.01667778519012675,0.037358238825883926,0.01667778519012675,0.0200133422281521,0.02401601067378252,0.02268178785857238,0.03402268178785857,0.024683122081387593,0.03802535023348899,0.035356904603068715,0.0200133422281521,0.028018679119412943,0.019346230820547032,0.01734489659773182,0.04803202134756504,0.028685790527018012,0.02334889926617745
2021-12,0.025423728813559324,0.02773497688751926,0.026194144838212634,0.03697996918335902,0.02465331278890601,0.026194144838212634,0.026194144838212634,0.04468412942989214,0.062403697996918334,0.020801232665639446,0.030046224961479198,0.01926040061633282,0.017719568567026195,0.032357473035439135,0.020801232665639446,0.01694915254237288,0.029275808936825885,0.01926040061633282,0.031587057010785825,0.023882896764252697,0.02234206471494607,0.026194144838212634,0.020801232665639446,0.02234206471494607,0.02157164869029276,0.023112480739599383,0.028505392912172575,0.02157164869029276,0.04468412942989214,0.023882896764252697,0.030046224961479198,0.02157164869029276,0.020801232665639446,0.011556240369799691,0.04160246533127889,0.039291217257318954,0.017719568567026195
2022-01,0.027048528241845664,0.021479713603818614,0.028639618138424822,0.04455051710421639,0.01909307875894988,0.023070803500397773,0.02545743834526651,0.02784407319013524,0.06443914081145585,0.022275258552108195,0.01909307875894988,0.013524264120922832,0.03341288782816229,0.03898170246618934,0.021479713603818614,0.020684168655529037,0.018297533810660304,0.013524264120922832,0.021479713603818614,0.023070803500397773,0.02784407319013524,0.031821797931583136,0.010342084327764518,0.01909307875894988,0.021479713603818614,0.031026252983293555,0.02545743834526651,0.01909307875894988,0.04136833731105807,0.04136833731105807,0.027048528241845664,0.02545743834526651,0.013524264120922832,0.016706443914081145,0.06682577565632458,0.0294351630867144,0.024661893396976928
2022-02,0.02626970227670753,0.025394045534150613,0.017513134851138354,0.049912434325744305,0.021891418563922942,0.020140105078809107,0.016637478108581436,0.028896672504378284,0.05779334500875657,0.028021015761821366,0.03852889667250438,0.0148861646234676,0.02714535901926445,0.028021015761821366,0.021015761821366025,0.016637478108581436,0.021015761821366025,0.01138353765323993,0.025394045534150613,0.021891418563922942,0.024518388791593695,0.03765323992994746,0.020140105078809107,0.02714535901926445,0.016637478108581436,0.04115586690017513,0.03152364273204904,0.020140105078809107,0.03239929947460595,0.03152364273204904,0.028896672504378284,0.021015761821366025,0.01576182136602452,0.023642732049036778,0.0446584938704028,0.03852889667250438,0.02626970227670753
2022-03,0.021968365553602813,0.03427065026362039,0.027240773286467488,0.040421792618629174,0.023725834797891036,0.029876977152899824,0.020210896309314587,0.03602811950790861,0.07205623901581722,0.023725834797891036,0.0351493848857645,0.0210896309314587,0.03427065026362039,0.023725834797891036,0.01845342706502636,0.020210896309314587,0.02899824253075571,0.019332161687170474,0.02460456942003515,0.011423550087873463,0.023725834797891036,0.0351493848857645,0.016695957820738138,0.01845342706502636,0.03163444639718805,0.0210896309314587,0.028119507908611598,0.019332161687170474,0.025483304042179262,0.025483304042179262,0.02460456942003515,0.023725834797891036,0.021968365553602813,0.023725834797891036,0.04305799648506151,0.0210896309314587,0.029876977152899824
2022-04,0.02600216684723727,0.032502708559046585,0.016251354279523293,0.0390032502708559,0.01950162513542795,0.02600216684723727,0.009750812567713976,0.044420368364030335,0.07150595882990249,0.016251354279523293,0.03358613217768147,0.011917659804983749,0.027085590465872156,0.02925243770314193,0.018418201516793065,0.014084507042253521,0.024918743228602384,0.01950162513542795,0.01950162513542795,0.020585048754062838,0.018418201516793065,0.041170097508125676,0.01950162513542795,0.020585048754062838,0.01950162513542795,0.02600216684723727,0.020585048754062838,0.023835319609967497,0.02925243770314193,0.028169014084507043,0.04008667388949079,0.024918743228602384,0.013001083423618635,0.011917659804983749,0.05417118093174431,0.04875406283856988,0.04008667388949079
2022-05,0.03308823529411765,0.01838235294117647,0.027573529411764705,0.046875,0.014705882352941176,0.019301470588235295,0.015625,0.02022058823529412,0.07169117647058823,0.03125,0.03308823529411765,0.016544117647058824,0.013786764705882353,0.029411764705882353,0.02849264705882353,0.022058823529411766,0.021139705882352942,0.015625,0.03216911764705882,0.024816176470588234,0.02297794117647059,0.03308823529411765,0.011029411764705883,0.021139705882352942,0.019301470588235295,0.027573529411764705,0.030330882352941176,0.030330882352941176,0.029411764705882353,0.027573529411764705,0.03768382352941176,0.019301470588235295,0.021139705882352942,0.016544117647058824,0.051470588235294115,0.03952205882352941,0.025735294117647058
2022-06,0.027122641509433963,0.03419811320754717,0.020047169811320754,0.05188679245283019,0.02240566037735849,0.0330188679245283,0.02358490566037736,0.025943396226415096,0.0660377358490566,0.02358490566037736,0.02358490566037736,0.018867924528301886,0.018867924528301886,0.025943396226415096,0.015330188679245283,0.015330188679245283,0.024764150943396228,0.014150943396226415,0.031839622641509434,0.02358490566037736,0.02240566037735849,0.0294811320754717,0.02358490566037736,0.014150943396226415,0.02240566037735849,0.024764150943396228,0.036556603773584904,0.02358490566037736,0.041273584905660375,0.03891509433962264,0.020047169811320754,0.02358490566037736,0.020047169811320754,0.009433962264150943,0.049528301886792456,0.030660377358490566,0.0294811320754717
2022-07,0.01770956316410862,0.03305785123966942,0.02243211334120425,0.03541912632821724,0.018890200708382526,0.021251475796930343,0.01770956316410862,0.03541912632821724,0.06729634002361275,0.023612750885478158,0.02715466351829988,0.018890200708382526,0.0295159386068477,0.031877213695395513,0.012987012987012988,0.021251475796930343,0.03305785123966942,0.0295159386068477,0.02715466351829988,0.020070838252656435,0.024793388429752067,0.0448642266824085,0.014167650531286895,0.015348288075560802,0.01652892561983471,0.030696576151121605,0.023612750885478158,0.02243211334120425,0.031877213695395513,0.03896103896103896,0.0295159386068477,0.025974025974025976,0.008264462809917356,0.014167650531286895,0.0448642266824085,0.0448642266824085,0.024793388429752067
2022-08,0.0332541567695962,0.0166270783847981,0.022565320665083134,0.04513064133016627,0.0166270783847981,0.011876484560570071,0.02494061757719715,0.02494061757719715,0.06532066508313539,0.021377672209026127,0.028503562945368172,0.021377672209026127,0.043942992874109264,0.04156769596199525,0.014251781472684086,0.021377672209026127,0.021377672209026127,0.011876484560570071,0.017814726840855107,0.023752969121140142,0.028503562945368172,0.026128266033254157,0.014251781472684086,0.021377672209026127,0.028503562945368172,0.04275534441805225,0.035629453681710214,0.023752969121140142,0.023752969121140142,0.048693586698337295,0.026128266033254157,0.026128266033254157,0.013064133016627079,0.029691211401425176,0.039192399049881234,0.023752969121140142,0.020190023752969122
2022-09,0.034526854219948847,0.01918158567774936,0.026854219948849106,0.03836317135549872,0.020460358056265986,0.030690537084398978,0.015345268542199489,0.029411764705882353,0.07672634271099744,0.023017902813299233,0.03324808184143223,0.023017902813299233,0.024296675191815855,0.0319693094629156,0.01918158567774936,0.016624040920716114,0.021739130434782608,0.014066496163682864,0.029411764705882353,0.016624040920716114,0.015345268542199489,0.026854219948849106,0.029411764705882353,0.026854219948849106,0.030690537084398978,0.0319693094629156,0.030690537084398978,0.029411764705882353,0.030690537084398978,0.0319693094629156,0.023017902813299233,0.024296675191815855,0.014066496163682864,0.01278772378516624,0.04219948849104859,0.03324808184143223,0.021739130434782608
2022-10,0.023679417122040074,0.025500910746812388,0.02185792349726776,0.04644808743169399,0.015482695810564663,0.023679417122040074,0.020947176684881604,0.03278688524590164,0.08196721311475409,0.02185792349726776,0.05191256830601093,0.02459016393442623,0.023679417122040074,0.02459016393442623,0.023679417122040074,0.023679417122040074,0.01912568306010929,0.01912568306010929,0.030054644808743168,0.018214936247723135,0.02459016393442623,0.03825136612021858,0.018214936247723135,0.030965391621129327,0.01092896174863388,0.015482695810564663,0.03642987249544627,0.025500910746812388,0.025500910746812388,0.026411657559198543,0.022768670309653915,0.01092896174863388,0.011839708561020037,0.02185792349726776,0.04735883424408015,0.042805100182149364,0.017304189435336976
2022-11,0.03028009084027252,0.02498107494322483,0.02498107494322483,0.033308099924299776,0.012869038607115822,0.026495079485238455,0.024224072672218017,0.033308099924299776,0.08327024981074943,0.026495079485238455,0.03557910673732021,0.02498107494322483,0.026495079485238455,0.023467070401211203,0.02043906131718395,0.013626040878122634,0.028009084027252083,0.02043906131718395,0.025738077214231644,0.02043906131718395,0.021196063588190765,0.024224072672218017,0.02043906131718395,0.022710068130204392,0.012869038607115822,0.028766086298258896,0.03406510219530658,0.023467070401211203,0.031037093111279335,0.025738077214231644,0.025738077214231644,0.01514004542013626,0.016654049962149888,0.015897047691143074,0.052233156699470096,0.03860711582134747,0.03179409538228615
2022-12,0.027571580063626724,0.03711558854718982,0.029692470837751856,0.03817603393425239,0.02014846235418876,0.024390243902439025,0.016967126193001062,0.03817603393425239,0.051961823966065745,0.031813361611876985,0.04029692470837752,0.008483563096500531,0.022269353128313893,0.03923647932131495,0.022269353128313893,0.022269353128313893,0.026511134676564158,0.024390243902439025,0.02014846235418876,0.014846235418875928,0.021208907741251327,0.026511134676564158,0.02014846235418876,0.016967126193001062,0.019088016967126194,0.02332979851537646,0.02863202545068929,0.015906680805938492,0.036055143160127257,0.036055143160127257,0.029692470837751856,0.018027571580063628,0.012725344644750796,0.018027571580063628,0.05408271474019088,0.036055143160127257,0.030752916224814422
2023-01,0.026490066225165563,0.039735099337748346,0.027317880794701987,0.03394039735099338,0.018211920529801324,0.026490066225165563,0.02566225165562914,0.04056291390728477,0.07947019867549669,0.02566225165562914,0.0347682119205298,0.0173841059602649,0.024834437086092714,0.033112582781456956,0.01903973509933775,0.016556291390728478,0.020695364238410598,0.02152317880794702,0.028973509933774833,0.014072847682119206,0.015728476821192054,0.028973509933774833,0.014072847682119206,0.013245033112582781,0.02566225165562914,0.02566225165562914,0.03394039735099338,0.028145695364238412,0.033112582781456956,0.027317880794701987,0.026490066225165563,0.024834437086092714,0.01903973509933775,0.014072847682119206,0.048013245033112585,0.03228476821192053,0.014900662251655629
2023-02,0.028409090909090908,0.038825757575757576,0.021780303030303032,0.043560606060606064,0.026515151515151516,0.036931818181818184,0.011363636363636364,0.04261363636363636,0.06818181818181818,0.027462121212121212,0.036931818181818184,0.016098484848484848,0.017992424242424244,0.026515151515151516,0.016098484848484848,0.01893939393939394,0.028409090909090908,0.017045454545454544,0.041666666666666664,0.016098484848484848,0.020833333333333332,0.026515151515151516,0.020833333333333332,0.01893939393939394,0.019886363636363636,0.021780303030303032,0.029356060606060608,0.013257575757575758,0.035037878787878785,0.027462121212121212,0.028409090909090908,0.01893939393939394,0.015151515151515152,0.017045454545454544,0.04924242424242424,0.03977272727272727,0.016098484848484848
2023-03,0.033751962323390894,0.030612244897959183,0.02197802197802198,0.03532182103610675,0.02040816326530612,0.029042386185243328,0.02197802197802198,0.01805337519623234,0.065149136577708,0.030612244897959183,0.027472527472527472,0.02119309262166405,0.026687598116169546,0.0282574568288854,0.019623233908948195,0.02511773940345369,0.029042386185243328,0.02119309262166405,0.022762951334379906,0.01805337519623234,0.02433281004709576,0.026687598116169546,0.014913657770800628,0.02197802197802198,0.02040816326530612,0.03218210361067504,0.025902668759811617,0.02511773940345369,0.029042386185243328,0.03610675039246468,0.027472527472527472,0.0282574568288854,0.0141287284144427,0.02511773940345369,0.044740973312401885,0.03453689167974882,0.022762951334379906
2023-04,0.024024024024024024,0.026276276276276277,0.02252252252252252,0.03903903903903904,0.02252252252252252,0.024774774774774775,0.00975975975975976,0.03903903903903904,0.06381381381381382,0.02702702702702703,0.02927927927927928,0.023273273273273273,0.02177177177177177,0.03078078078078078,0.02177177177177177,0.025525525525525526,0.02252252252252252,0.02027027027027027,0.02702702702702703,0.025525525525525526,0.021021021021021023,0.03078078078078078,0.01876876876876877,0.01876876876876877,0.023273273273273273,0.02702702702702703,0.03228228228228228,0.02027027027027027,0.03228228228228228,0.02927927927927928,0.02927927927927928,0.025525525525525526,0.016516516516516516,0.02027027027027027,0.046546546546546545,0.03978978978978979,0.02177177177177177
2023-05,0.03322784810126582,0.029272151898734177,0.012658227848101266,0.048259493670886076,0.011075949367088608,0.028481012658227847,0.015822784810126583,0.0379746835443038,0.06091772151898734,0.022151898734177215,0.030854430379746837,0.020569620253164556,0.0245253164556962,0.030854430379746837,0.022151898734177215,0.014240506329113924,0.023734177215189875,0.01661392405063291,0.02610759493670886,0.022151898734177215,0.0189873417721519,0.03639240506329114,0.01740506329113924,0.01819620253164557,0.020569620253164556,0.030063291139240507,0.04113924050632911,0.021360759493670885,0.038765822784810125,0.03243670886075949,0.03322784810126582,0.01977848101265823,0.01819620253164557,0.01661392405063291,0.04113924050632911,0.0379746835443038,0.02610759493670886
2023-06,0.027615062761506277,0.03430962343096234,0.02594142259414226,0.059414225941422594,0.023430962343096235,0.026778242677824266,0.019246861924686193,0.03682008368200837,0.05690376569037657,0.02594142259414226,0.027615062761506277,0.012552301255230125,0.035146443514644354,0.0301255230125523,0.02092050209205021,0.021757322175732216,0.024267782426778243,0.027615062761506277,0.026778242677824266,0.01506276150627615,0.012552301255230125,0.0301255230125523,0.015899581589958158,0.02510460251046025,0.01506276150627615,0.021757322175732216,0.02594142259414226,0.01506276150627615,0.032635983263598324,0.028451882845188285,0.024267782426778243,0.019246861924686193,0.01506276150627615,0.032635983263598324,0.04769874476987448,0.026778242677824266,0.03347280334728033
2023-07,0.024691358024691357,0.021164021164021163,0.027336860670194002,0.059964726631393295,0.020282186948853614,0.029982363315696647,0.01675485008818342,0.04409171075837742,0.06966490299823633,0.024691358024691357,0.0291005291005291,0.013227513227513227,0.029982363315696647,0.036155202821869487,0.015873015873015872,0.018518518518518517,0.02204585537918871,0.012345679012345678,0.020282186948853614,0.030864197530864196,0.01675485008818342,0.027336860670194002,0.024691358024691357,0.014991181657848324,0.02204585537918871,0.025573192239858905,0.021164021164021163,0.023809523809523808,0.029982363315696647,0.03350970017636684,0.0291005291005291,0.024691358024691357,0.023809523809523808,0.015873015873015872,0.04144620811287478,0.031746031746031744,0.026455026455026454
2023-08,0.024933214603739984,0.02226179875333927,0.03383793410507569,0.048975957257346395,0.016918967052537846,0.0213713268032057,0.02404274265360641,0.04541406945681211,0.06678539626001781,0.026714158504007122,0.027604630454140695,0.016028495102404273,0.028495102404274265,0.028495102404274265,0.016028495102404273,0.02226179875333927,0.029385574354407838,0.017809439002671415,0.02315227070347284,0.016918967052537846,0.027604630454140695,0.02404274265360641,0.024933214603739984,0.018699910952804988,0.016028495102404273,0.03294746215494212,0.030276046304541407,0.02226179875333927,0.034728406055209264,0.031166518254674976,0.016918967052537846,0.025823686553873553,0.016028495102404273,0.016918967052537846,0.04808548530721282,0.03294746215494212,0.02315227070347284
2023-09,0.025504782146652496,0.025504782146652496,0.020191285866099893,0.04994686503719448,0.019128586609989374,0.02763018065887354,0.021253985122210415,0.039319872476089264,0.0669500531349628,0.025504782146652496,0.02763018065887354,0.019128586609989374,0.025504782146652496,0.036131774707757705,0.01487778958554729,0.01487778958554729,0.022316684378320937,0.021253985122210415,0.024442082890541977,0.020191285866099893,0.01700318809776833,0.039319872476089264,0.010626992561105207,0.02763018065887354,0.020191285866099893,0.02975557917109458,0.024442082890541977,0.025504782146652496,0.028692879914984058,0.036131774707757705,0.02975557917109458,0.020191285866099893,0.01700318809776833,0.025504782146652496,0.039319872476089264,0.03400637619553666,0.02763018065887354
2023-10,0.03366174055829228,0.027914614121510674,0.0180623973727422,0.04926108374384237,0.0180623973727422,0.022988505747126436,0.017241379310344827,0.0361247947454844,0.06486042692939245,0.024630541871921183,0.040229885057471264,0.024630541871921183,0.034482758620689655,0.03284072249589491,0.014778325123152709,0.022167487684729065,0.016420361247947456,0.022167487684729065,0.027914614121510674,0.023809523809523808,0.018883415435139574,0.022167487684729065,0.010673234811165846,0.020525451559934318,0.019704433497536946,0.031198686371100164,0.03366174055829228,0.018883415435139574,0.028735632183908046,0.035303776683087026,0.027914614121510674,0.026272577996715927,0.013136288998357963,0.017241379310344827,0.048440065681444995,0.034482758620689655,0.020525451559934318
2023-11,0.02401129943502825,0.03036723163841808,0.025423728813559324,0.03954802259887006,0.01765536723163842,0.016242937853107344,0.01977401129943503,0.043785310734463276,0.0826271186440678,0.01694915254237288,0.02754237288135593,0.023305084745762712,0.02754237288135593,0.03036723163841808,0.020480225988700564,0.016242937853107344,0.021892655367231638,0.019067796610169493,0.024717514124293787,0.018361581920903956,0.026129943502824857,0.026836158192090395,0.021892655367231638,0.021892655367231638,0.018361581920903956,0.02401129943502825,0.022598870056497175,0.01694915254237288,0.03954802259887006,0.033192090395480225,0.03177966101694915,0.020480225988700564,0.012005649717514125,0.018361581920903956,0.04590395480225989,0.041666666666666664,0.03248587570621469
2023-12,0.022175290390707498,0.03273495248152059,0.01795142555438226,0.03484688489968321,0.024287222808870117,0.023231256599788808,0.01795142555438226,0.059134107708553325,0.07074973600844774,0.023231256599788808,0.042238648363252376,0.011615628299894404,0.030623020063357972,0.04012671594508976,0.008447729672650475,0.01583949313621964,0.023231256599788808,0.013727560718057022,0.030623020063357972,0.01583949313621964,0.03273495248152059,0.027455121436114043,0.013727560718057022,0.024287222808870117,0.026399155227032733,0.03167898627243928,0.023231256599788808,0.024287222808870117,0.026399155227032733,0.029567053854276663,0.026399155227032733,0.021119324181626188,0.011615628299894404,0.026399155227032733,0.04012671594508976,0.03590285110876452,0.02006335797254488
2024-01,0.039014373716632446,0.03285420944558522,0.03285420944558522,0.033880903490759756,0.021560574948665298,0.015400410677618069,0.01642710472279261,0.029774127310061602,0.08213552361396304,0.02053388090349076,0.030800821355236138,0.019507186858316223,0.021560574948665298,0.022587268993839837,0.013347022587268994,0.02566735112936345,0.023613963039014373,0.01642710472279261,0.02566735112936345,0.02053388090349076,0.029774127310061602,0.02053388090349076,0.009240246406570842,0.023613963039014373,0.01642710472279261,0.03593429158110883,0.03696098562628337,0.017453798767967144,0.02566735112936345,0.043121149897330596,0.024640657084188913,0.022587268993839837,0.023613963039014373,0.019507186858316223,0.037987679671457907,0.04004106776180698,0.028747433264887063
2024-02,0.026050420168067228,0.03697478991596639,0.023529411764705882,0.029411764705882353,0.01680672268907563,0.029411764705882353,0.019327731092436976,0.04201680672268908,0.07563025210084033,0.026050420168067228,0.02857142857142857,0.024369747899159664,0.024369747899159664,0.02773109243697479,0.034453781512605045,0.021848739495798318,0.03613445378151261,0.014285714285714285,0.019327731092436976,0.020168067226890758,0.02100840336134454,0.02689075630252101,0.015966386554621848,0.02100840336134454,0.02100840336134454,0.02689075630252101,0.023529411764705882,0.020168067226890758,0.02857142857142857,0.03361344537815126,0.026050420168067228,0.01764705882352941,0.014285714285714285,0.01680672268907563,0.04201680672268908,0.043697478991596636,0.024369747899159664
2024-03,0.02974628171478565,0.033245844269466314,0.01837270341207349,0.04199475065616798,0.016622922134733157,0.022747156605424323,0.02974628171478565,0.03062117235345582,0.07874015748031496,0.019247594050743656,0.033245844269466314,0.016622922134733157,0.02537182852143482,0.02712160979877515,0.015748031496062992,0.015748031496062992,0.03062117235345582,0.012248468941382326,0.024496937882764653,0.019247594050743656,0.02099737532808399,0.013123359580052493,0.017497812773403325,0.020122484689413824,0.024496937882764653,0.024496937882764653,0.03674540682414698,0.01837270341207349,0.033245844269466314,0.05074365704286964,0.03237095363079615,0.019247594050743656,0.011373578302712161,0.023622047244094488,0.051618547681539804,0.03762029746281715,0.022747156605424323
2024-04,0.027706185567010308,0.028994845360824743,0.02577319587628866,0.03414948453608247,0.021262886597938145,0.026417525773195876,0.01610824742268041,0.03672680412371134,0.06894329896907217,0.028994845360824743,0.030927835051546393,0.014819587628865979,0.023195876288659795,0.026417525773195876,0.027061855670103094,0.026417525773195876,0.02577319587628866,0.01675257731958763,0.02190721649484536,0.017396907216494846,0.02190721649484536,0.030927835051546393,0.01997422680412371,0.02577319587628866,0.017396907216494846,0.03801546391752577,0.028350515463917526,0.023195876288659795,0.04252577319587629,0.029639175257731958,0.025128865979381444,0.018685567010309278,0.012242268041237113,0.018685567010309278,0.037371134020618556,0.03801546391752577,0.026417525773195876
2024-05,0.030105777054515868,0.025223759153783564,0.023596419853539462,0.043124491456468676,0.02034174125305126,0.030105777054515868,0.02115541090317331,0.03417412530512612,0.07160292921074043,0.01708706265256306,0.03254678600488202,0.025223759153783564,0.024410089503661515,0.024410089503661515,0.015459723352318959,0.01790073230268511,0.03173311635475997,0.02034174125305126,0.009764035801464606,0.02034174125305126,0.03824247355573637,0.023596419853539462,0.01790073230268511,0.01708706265256306,0.021969080553295363,0.029292107404393815,0.03336045565500407,0.029292107404393815,0.026851098454027666,0.029292107404393815,0.029292107404393815,0.02115541090317331,0.013832384052074858,0.022782750203417412,0.044751830756712775,0.03580146460537022,0.026851098454027666
2024-06,0.01950585175552666,0.03576072821846554,0.026657997399219768,0.04746423927178153,0.021456436931079324,0.024057217165149546,0.014304291287386216,0.04291287386215865,0.07282184655396619,0.02860858257477243,0.0377113133940182,0.021456436931079324,0.027308192457737322,0.02860858257477243,0.01235370611183355,0.01495448634590377,0.03185955786736021,0.018205461638491547,0.021456436931079324,0.018205461638491547,0.02340702210663199,0.025357607282184655,0.016905071521456438,0.018205461638491547,0.013654096228868661,0.03185955786736021,0.027958387516254877,0.02080624187256177,0.033810143042912875,0.01950585175552666,0.02990897269180754,0.018205461638491547,0.013654096228868661,0.021456436931079324,0.04681404421326398,0.04811443433029909,0.0247074122236671
2024-07,0.017191977077363897,0.03724928366762178,0.025787965616045846,0.05157593123209169,0.011461318051575931,0.03724928366762178,0.017191977077363897,0.04297994269340974,0.07449856733524356,0.008595988538681949,0.025787965616045846,0.025787965616045846,0.03724928366762178,0.017191977077363897,0.02005730659025788,0.025787965616045846,0.03724928366762178,0.03151862464183381,0.017191977077363897,0.011461318051575931,0.0057306590257879654,0.03151862464183381,0.02865329512893983,0.03151862464183381,0.011461318051575931,0.03151862464183381,0.03151862464183381,0.017191977077363897,0.04297994269340974,0.025787965616045846,0.022922636103151862,0.017191977077363897,0.008595988538681949,0.02005730659025788,0.054441260744985676,0.02005730659025788,0.025787965616045846
