mapping_id,user_topic_label,developer_topic_label,max_lag_searched,best_lag_months,best_lag_spearman_rho,observed_max_abs_rho,pair_level_exact_p,null_nonidentity_shifts,null_extreme_count,null_max_mean,null_max_median,null_max_95pct,lag_interpretation,pair_level_fdr_bh
M030,Performance Issues,Technical Challenges,12,8,-0.3440228313290782,0.3440228313290782,0.045871559633027525,108,4,0.25771588306635135,0.2482478101552582,0.34198351259261045,developer_lags_user,0.6269113149847095
M008,UI Design,Layout Challenges,12,-6,-0.29619338400035145,0.29619338400035145,0.06422018348623854,108,6,0.21311605258171054,0.20267206215228134,0.29641329390220333,developer_leads_user,0.6269113149847095
M009,UI Design,Environment & Interface.,12,-4,0.27501555048724863,0.27501555048724863,0.06422018348623854,108,6,0.2160378193377752,0.22040487420527954,0.27561655552837466,developer_leads_user,0.6269113149847095
M034,Troubleshooting,Troubleshooting,12,-5,-0.3651445641736904,0.3651445641736904,0.06422018348623854,108,6,0.2693605346762688,0.276508071251163,0.3660953723321196,developer_leads_user,0.6269113149847095
M019,Hardware Support,Compatibility Issues,12,-10,0.29291280148423005,0.29291280148423005,0.11009174311926606,108,11,0.2417143417766981,0.2503533565027855,0.29751675057996474,developer_leads_user,0.6269113149847095
M005,Sound Design,Audio and Visual,12,4,-0.31504250466514616,0.31504250466514616,0.11926605504587157,108,12,0.2612633263222316,0.2577721124227169,0.3570392634547213,developer_lags_user,0.6269113149847095
M012,Interaction Methods,Interaction Mechanics,12,-1,0.32224490136253564,0.32224490136253564,0.12844036697247707,108,13,0.24643734907004514,0.2549464442548581,0.3536812724674345,developer_leads_user,0.6269113149847095
M023,Physical Reactions,Cybersickness,12,0,-0.2679414974094333,0.2679414974094333,0.13761467889908258,108,14,0.23095015734633254,0.22909413157333663,0.29911932584833784,synchronous,0.6269113149847095
M028,Installation,Installation and Setup,12,4,-0.3192017827832013,0.3192017827832013,0.13761467889908258,108,14,0.26085078948514784,0.25943039364543785,0.3318892766332624,developer_lags_user,0.6269113149847095
M013,Interaction Methods,Player Interaction,12,1,0.2617418973881714,0.2617418973881714,0.1559633027522936,108,16,0.23456596672035362,0.23737418988641973,0.27753428516904277,developer_lags_user,0.6394495412844037
M004,Light Design,Rendering Issues,12,3,-0.32928012011117935,0.32928012011117935,0.21100917431192662,108,22,0.26338952385557934,0.26827778161301863,0.35924988249824413,developer_lags_user,0.6985583224115335
M022,Comfort Issues,Cybersickness,12,-3,0.251369121092274,0.251369121092274,0.22018348623853212,108,23,0.22713302476575856,0.22519259483994017,0.2651200162848952,developer_leads_user,0.6985583224115335
M021,Motion Design,Interaction Mechanics,12,-5,-0.24839432412247947,0.24839432412247947,0.22935779816513763,108,24,0.2322325686949449,0.23699920057265267,0.2695182208742168,developer_leads_user,0.6985583224115335
M024,Network connect,Streaming and Mapping,12,0,0.3107711127101536,0.3107711127101536,0.23853211009174313,108,25,0.2602053836937776,0.2527500484448474,0.3292209172492376,synchronous,0.6985583224115335
M027,Multiplayer,Server Management,12,-10,-0.2509461966604824,0.2509461966604824,0.25688073394495414,108,27,0.24086039508233473,0.23753410223205051,0.2853641975698725,developer_leads_user,0.7021406727828746
M016,VR Elements,Game Elements,12,3,-0.2830734353007286,0.2830734353007286,0.30275229357798167,108,32,0.2593624362391185,0.26615397229219034,0.29835943045806007,developer_lags_user,0.775802752293578
M032,Technical Issues,Technical Challenges,12,-4,-0.24670911960771125,0.24670911960771125,0.3486238532110092,108,37,0.22782337144481735,0.23266685440095206,0.3031136946853213,developer_leads_user,0.7940876656472987
M038,Linux OS,Cross-platform,12,-3,0.23040104803763778,0.23040104803763778,0.3486238532110092,108,37,0.21103645327626333,0.21225357829900637,0.2605109919794336,developer_leads_user,0.7940876656472987
M017,Hardware Support,Hardware Optimization,12,1,0.20908021289316606,0.20908021289316606,0.3761467889908257,108,40,0.1916072655743171,0.19061426391848302,0.25940679693889857,developer_lags_user,0.8087155963302752
M035,Troubleshooting,Bug Reporting,12,4,0.2750570184532449,0.2750570184532449,0.3944954128440367,108,42,0.2477350091563169,0.2579817067730385,0.35922519662513513,developer_lags_user,0.8087155963302752
M025,Network connect,Server Management,12,-12,-0.24863244266778878,0.24863244266778878,0.45871559633027525,108,49,0.24962394008012118,0.2439195565257004,0.3150782004462507,developer_leads_user,0.8518618456556935
M033,Technical Issues,UE Issues,12,2,-0.2565062136149501,0.2565062136149501,0.45871559633027525,108,49,0.25352506126554375,0.25334851648320866,0.29931686482173586,developer_lags_user,0.8518618456556935
M049,Horror Game,Horror Game,12,0,0.24243449257021893,0.24243449257021893,0.5504587155963303,108,59,0.23610113127876212,0.24983529263880022,0.31164628943065814,synchronous,0.8518618456556935
M001,Customization,Customization,12,3,0.19647378006909222,0.19647378006909222,0.5779816513761468,108,62,0.20414089723088746,0.20360812655459462,0.2798516445481037,developer_lags_user,0.8518618456556935
M011,Input Methods,Controller,12,2,0.24448189070507959,0.24448189070507959,0.5779816513761468,108,62,0.262088837816204,0.2608693002976349,0.324324513401673,developer_lags_user,0.8518618456556935
M037,Kids and Students,Educational Use,12,-6,-0.24934103589157844,0.24934103589157844,0.5871559633027523,108,63,0.25432621982366865,0.2550454742146866,0.30020988233441126,developer_leads_user,0.8518618456556935
M007,Game Interface,Environment & Interface.,12,5,-0.22386881329358294,0.22386881329358294,0.5963302752293578,108,64,0.24857314111285744,0.23149831787731764,0.3585374639581429,developer_lags_user,0.8518618456556935
M036,Privacy & Security,Safety,12,7,-0.2519126270137008,0.2519126270137008,0.6146788990825688,108,66,0.2630437010635307,0.2667064068007464,0.3237550889790206,developer_lags_user,0.8518618456556935
M002,Game Graphics,Graphics Optimization,12,11,-0.2533591331775689,0.2533591331775689,0.6238532110091743,108,67,0.2756020386154334,0.26870643717080056,0.3582115359988084,developer_lags_user,0.8518618456556935
M014,Game Mechanics,Game Elements,12,7,0.17924330927529744,0.17924330927529744,0.6238532110091743,108,67,0.20463228859455143,0.1970328031250348,0.29363074455442606,developer_lags_user,0.8518618456556935
M031,Performance Issues,Troubleshooting,12,0,0.24400528236745722,0.24400528236745722,0.6605504587155964,108,71,0.2584445083061653,0.25145244387831944,0.327207588275248,synchronous,0.8518618456556935
M029,Setup,Installation and Setup,12,11,0.2548838337476313,0.2548838337476313,0.6788990825688074,108,73,0.27254570696823865,0.2875855239269554,0.3206423353555853,developer_lags_user,0.8518618456556935
M018,Hardware Support,Physics & Hardware,12,9,-0.2001800234931468,0.2001800234931468,0.6880733944954128,108,74,0.22368934978401706,0.21292449240367672,0.2819313421769275,developer_lags_user,0.8518618456556935
M006,Audio Interactions,Audio and Visual,12,-5,-0.19459084604715673,0.19459084604715673,0.7064220183486238,108,76,0.2355886189670093,0.22746537122752014,0.34210629068956344,developer_leads_user,0.8518618456556935
M015,Gameplay Complexity,Game Elements,12,0,-0.1995199659057584,0.1995199659057584,0.7431192660550459,108,80,0.27545967392307064,0.29746243177135234,0.36822198827426406,synchronous,0.8567787971457697
M040,Mac OS,IOS Development,12,-8,-0.2345719277810134,0.2345719277810134,0.7522935779816514,108,81,0.2720211278454983,0.274799301470688,0.36913345075125065,developer_leads_user,0.8567787971457697
M003,Game Graphics,Rendering Issues,12,8,-0.21746132050564104,0.21746132050564104,0.8165137614678899,108,88,0.2575671317310641,0.24065617733615607,0.3502806388939384,developer_lags_user,0.8908739739256399
M010,Input Methods,Input Methods,12,-5,-0.19545021724762054,0.19545021724762054,0.8256880733944955,108,89,0.23133083861882042,0.23052721549824334,0.28197875612834405,developer_leads_user,0.8908739739256399
M039,Mac OS,Cross-platform,12,-1,-0.17638344397630895,0.17638344397630895,0.8715596330275229,108,94,0.2224927157425661,0.22244701881039625,0.28903005469913706,developer_leads_user,0.9162549988238061
M020,Target Tracking,Object Tracking,12,-4,0.18342318059299192,0.18342318059299192,0.963302752293578,108,104,0.25936759139655624,0.26513062409288823,0.31702105968822075,developer_leads_user,0.9633027522935781
M026,Multiplayer,Multiplayer,12,6,0.1988340715385754,0.1988340715385754,0.963302752293578,108,104,0.2519573999639946,0.2506487354327488,0.30640464742876555,developer_lags_user,0.9633027522935781
